Date,Open,High,Low,Close,Adj Close,Volume
2021-01-04,351.6700134277344,356.8299865722656,346.4100036621094,356.3999938964844,356.3999938964844,2015300
2021-01-05,357.8900146484375,369.44000244140625,357.3800048828125,366.5,366.5,2122900
2021-01-06,362.1099853515625,367.6000061035156,357.4800109863281,363.25,363.25,1170800
2021-01-07,366.8699951171875,374.20001220703125,364.6000061035156,367.2900085449219,367.2900085449219,1103000
2021-01-08,367.3599853515625,370.5400085449219,362.5899963378906,365.4599914550781,365.4599914550781,994900
2021-01-11,354.1300048828125,373.0799865722656,352.3399963378906,361.6600036621094,361.6600036621094,1754000
2021-01-12,361.6000061035156,362.25,351.1400146484375,356.92999267578125,356.92999267578125,1628000
2021-01-13,357.75,359.010009765625,350.5,352.1400146484375,352.1400146484375,1108700
2021-01-14,352.29998779296875,357.5899963378906,347.510009765625,347.7300109863281,347.7300109863281,1047700
2021-01-15,347.0,347.20001220703125,337.42999267578125,344.5,344.5,1401200
2021-01-19,346.489990234375,348.54998779296875,340.1499938964844,342.25,342.25,1200100
2021-01-20,344.9100036621094,357.1300048828125,343.80999755859375,355.1199951171875,355.1199951171875,1311000
2021-01-21,356.760009765625,358.04998779296875,348.79998779296875,349.2200012207031,349.2200012207031,840900
2021-01-22,349.1499938964844,350.1700134277344,344.4200134277344,346.3699951171875,346.3699951171875,651600
2021-01-25,347.1400146484375,350.0,335.0,339.989990234375,339.989990234375,1784500
2021-01-26,340.5,340.5,328.6499938964844,330.55999755859375,330.55999755859375,1962300
2021-01-27,325.5,331.489990234375,312.8999938964844,329.510009765625,329.510009765625,2104000
2021-01-28,330.79998779296875,336.5,328.70001220703125,330.239990234375,330.239990234375,1673400
2021-01-29,327.8500061035156,330.80999755859375,322.010009765625,328.67999267578125,328.67999267578125,1258000
2021-02-01,329.3800048828125,334.2200012207031,324.3999938964844,333.4700012207031,333.4700012207031,1410700
2021-02-02,335.82000732421875,344.3299865722656,334.6700134277344,343.9200134277344,343.9200134277344,1154200
2021-02-03,344.989990234375,345.0,331.5199890136719,332.3900146484375,332.3900146484375,1367900
2021-02-04,335.3399963378906,340.0,334.3500061035156,338.5899963378906,338.5899963378906,1143200
2021-02-05,340.20001220703125,340.20001220703125,332.9100036621094,334.0799865722656,334.0799865722656,1226700
2021-02-08,335.95001220703125,342.42999267578125,334.1199951171875,339.7099914550781,339.7099914550781,1039200
2021-02-09,336.6499938964844,342.3299865722656,334.1499938964844,340.69000244140625,340.69000244140625,948100
2021-02-10,341.20001220703125,344.9100036621094,338.010009765625,341.3900146484375,341.3900146484375,919100
2021-02-11,344.7200012207031,347.0,340.8599853515625,345.8900146484375,345.8900146484375,950400
2021-02-12,345.010009765625,345.6700134277344,339.25,342.8599853515625,342.8599853515625,829500
2021-02-16,344.19000244140625,345.0,339.2300109863281,339.8500061035156,339.8500061035156,862000
2021-02-17,338.07000732421875,338.5899963378906,331.19000244140625,337.5199890136719,337.5199890136719,869100
2021-02-18,334.8500061035156,338.4200134277344,325.75,336.8299865722656,336.8299865722656,1242800
2021-02-19,337.0,338.19000244140625,331.1199951171875,332.2300109863281,332.2300109863281,1171800
2021-02-22,328.80999755859375,328.80999755859375,319.30999755859375,321.489990234375,321.489990234375,1324400
2021-02-23,315.7699890136719,325.510009765625,304.8699951171875,322.8500061035156,322.8500061035156,1948100
2021-02-24,318.7900085449219,321.17999267578125,312.510009765625,317.70001220703125,317.70001220703125,1127900
2021-02-25,316.20001220703125,326.19000244140625,308.5799865722656,310.1199951171875,310.1199951171875,1278400
2021-02-26,312.3500061035156,316.5799865722656,306.3999938964844,311.67999267578125,311.67999267578125,1460800
2021-03-01,313.0899963378906,317.3500061035156,312.1099853515625,314.8299865722656,314.8299865722656,1315000
2021-03-02,316.510009765625,321.25,312.1000061035156,317.4700012207031,317.4700012207031,1371100
2021-03-03,313.69000244140625,315.75,295.67999267578125,295.989990234375,295.989990234375,2479200
2021-03-04,296.4100036621094,299.2799987792969,280.4800109863281,285.1400146484375,285.1400146484375,3084200
2021-03-05,290.45001220703125,293.82000732421875,269.2799987792969,293.239990234375,293.239990234375,2596200
2021-03-08,291.1700134277344,295.8699951171875,288.04998779296875,288.94000244140625,288.94000244140625,1966500
2021-03-09,296.95001220703125,304.8500061035156,294.7799987792969,298.3500061035156,298.3500061035156,1585200
2021-03-10,302.07000732421875,311.4100036621094,299.19000244140625,309.0,309.0,2368300
2021-03-11,313.5299987792969,315.3399963378906,308.739990234375,310.3399963378906,310.3399963378906,1804500
2021-03-12,304.4599914550781,307.70001220703125,299.010009765625,306.0799865722656,306.0799865722656,1260700
2021-03-15,306.7300109863281,314.57000732421875,304.1700134277344,314.32000732421875,314.32000732421875,875200
2021-03-16,315.54998779296875,316.8900146484375,305.70001220703125,308.75,308.75,1145600
2021-03-17,303.8900146484375,316.5899963378906,303.8900146484375,315.2200012207031,315.2200012207031,1022000
2021-03-18,311.1700134277344,316.20001220703125,305.2799987792969,306.3500061035156,306.3500061035156,1109900
2021-03-19,305.3699951171875,312.4800109863281,303.510009765625,308.7099914550781,308.7099914550781,1623600
2021-03-22,309.5899963378906,316.5199890136719,308.760009765625,313.6000061035156,313.6000061035156,889300
2021-03-23,314.2200012207031,321.29998779296875,312.8999938964844,314.0299987792969,314.0299987792969,1155200
2021-03-24,316.29998779296875,319.70001220703125,306.67999267578125,307.30999755859375,307.30999755859375,1039300
2021-03-25,303.55999755859375,307.8500061035156,298.5400085449219,306.2099914550781,306.2099914550781,1326800
2021-03-26,302.6099853515625,314.1499938964844,302.4800109863281,314.0,314.0,1109400
2021-03-29,317.4599914550781,319.79998779296875,310.25,316.1600036621094,316.1600036621094,1475100
2021-03-30,314.5199890136719,320.5799865722656,311.44000244140625,317.0899963378906,317.0899963378906,2537100
2021-03-31,307.6499938964844,311.69000244140625,300.04998779296875,306.7099914550781,306.7099914550781,4932400
2021-04-01,308.2900085449219,308.7900085449219,300.32000732421875,301.07000732421875,301.07000732421875,2987500
2021-04-05,302.8599853515625,302.8599853515625,295.8900146484375,298.75,298.75,2156400
2021-04-06,300.3800048828125,309.3299865722656,298.0199890136719,308.5199890136719,308.5199890136719,2004800
2021-04-07,306.8699951171875,311.32000732421875,304.75,306.0400085449219,306.0400085449219,1162200
2021-04-08,309.9700012207031,313.8800048828125,308.1099853515625,312.55999755859375,312.55999755859375,1550000
2021-04-09,311.45001220703125,319.29998779296875,310.6000061035156,318.1199951171875,318.1199951171875,1357900
2021-04-12,317.7799987792969,324.260009765625,314.3599853515625,323.8699951171875,323.8699951171875,1246900
2021-04-13,322.6700134277344,324.4200134277344,318.57000732421875,324.0,324.0,1077400
2021-04-14,323.8599853515625,325.0,321.2200012207031,323.0,323.0,1060500
2021-04-15,324.5400085449219,328.3999938964844,323.3999938964844,325.8299865722656,325.8299865722656,1058100
2021-04-16,325.510009765625,325.7300109863281,321.510009765625,324.1000061035156,324.1000061035156,923200
2021-04-19,321.4800109863281,324.9700012207031,321.4800109863281,322.2699890136719,322.2699890136719,1062600
2021-04-20,322.79998779296875,323.6499938964844,314.8299865722656,316.2900085449219,316.2900085449219,868200
2021-04-21,316.8999938964844,326.67999267578125,316.70001220703125,326.67999267578125,326.67999267578125,1243800
2021-04-22,326.17999267578125,338.8800048828125,326.17999267578125,338.75,338.75,2146700
2021-04-23,338.6099853515625,342.4599914550781,336.7099914550781,340.9800109863281,340.9800109863281,1641400
2021-04-26,340.6099853515625,341.1199951171875,334.8399963378906,337.79998779296875,337.79998779296875,787300
2021-04-27,338.0,341.4800109863281,336.20001220703125,339.2799987792969,339.2799987792969,617600
2021-04-28,339.2699890136719,342.0,335.5899963378906,338.05999755859375,338.05999755859375,626000
2021-04-29,340.8399963378906,347.0,339.1700134277344,342.8999938964844,342.8999938964844,1067300
2021-04-30,342.8599853515625,344.45001220703125,334.989990234375,335.2699890136719,335.2699890136719,1091600
2021-05-03,336.4700012207031,337.0199890136719,332.760009765625,335.3800048828125,335.3800048828125,757000
2021-05-04,330.0,331.989990234375,321.8800048828125,324.8999938964844,324.8999938964844,1025400
2021-05-05,326.8599853515625,330.739990234375,321.0199890136719,322.0899963378906,322.0899963378906,823800
2021-05-06,320.5,323.7699890136719,317.2900085449219,321.2799987792969,321.2799987792969,742000
2021-05-07,322.0299987792969,331.54998779296875,322.0299987792969,330.239990234375,330.239990234375,859900
2021-05-10,330.0,331.6499938964844,324.1499938964844,324.260009765625,324.260009765625,856900
2021-05-11,318.69000244140625,323.7699890136719,316.3999938964844,322.0400085449219,322.0400085449219,1200000
2021-05-12,317.0199890136719,321.70001220703125,304.29998779296875,305.2099914550781,305.2099914550781,1312800
2021-05-13,307.7799987792969,311.0400085449219,304.0,307.92999267578125,307.92999267578125,854300
2021-05-14,309.4200134277344,316.7699890136719,309.0,314.6499938964844,314.6499938964844,606400
2021-05-17,311.5,314.6499938964844,309.1199951171875,314.5400085449219,314.5400085449219,631800
2021-05-18,314.29998779296875,316.5799865722656,310.7900085449219,312.0299987792969,312.0299987792969,653600
2021-05-19,307.4599914550781,310.9200134277344,304.3800048828125,310.30999755859375,310.30999755859375,737700
2021-05-20,310.9100036621094,320.0400085449219,310.7200012207031,319.1700134277344,319.1700134277344,846200
2021-05-21,322.8699951171875,322.8699951171875,310.4100036621094,313.20001220703125,313.20001220703125,1186900
2021-05-24,315.239990234375,320.3999938964844,313.5,318.19000244140625,318.19000244140625,735700
2021-05-25,320.8399963378906,324.54998779296875,318.82000732421875,324.1099853515625,324.1099853515625,967700
2021-05-26,325.9100036621094,330.0299987792969,324.3699951171875,329.760009765625,329.760009765625,1049600
2021-05-27,327.5199890136719,331.3999938964844,323.7200012207031,328.1099853515625,328.1099853515625,1744100
2021-05-28,330.5199890136719,330.5199890136719,323.0,323.1300048828125,323.1300048828125,909400
2021-06-01,322.44000244140625,323.3900146484375,315.8999938964844,318.6199951171875,318.6199951171875,1318200
2021-06-02,319.9100036621094,321.7099914550781,315.7900085449219,320.7799987792969,320.7799987792969,1124900
2021-06-03,318.6300048828125,320.9200134277344,313.05999755859375,317.3599853515625,317.3599853515625,1954900
2021-06-04,321.8599853515625,331.0299987792969,318.5,329.5199890136719,329.5199890136719,2591100
2021-06-07,330.5299987792969,338.20001220703125,330.1099853515625,331.6099853515625,331.6099853515625,1444400
2021-06-08,334.8699951171875,335.489990234375,328.3299865722656,331.0,331.0,1134100
2021-06-09,331.0899963378906,331.7699890136719,325.6000061035156,327.2200012207031,327.2200012207031,861400
2021-06-10,329.0199890136719,332.760009765625,327.510009765625,329.79998779296875,329.79998779296875,671500
2021-06-11,331.1000061035156,338.69000244140625,329.5400085449219,338.29998779296875,338.29998779296875,957700
2021-06-14,340.7699890136719,347.239990234375,335.20001220703125,337.6199951171875,337.6199951171875,895800
2021-06-15,336.3900146484375,336.57000732421875,333.4200134277344,335.19000244140625,335.19000244140625,644600
2021-06-16,337.5199890136719,339.1400146484375,333.4700012207031,337.260009765625,337.260009765625,841200
2021-06-17,335.1499938964844,351.1000061035156,334.5,349.3999938964844,349.3999938964844,2003600
2021-06-18,346.2099914550781,351.260009765625,343.489990234375,347.57000732421875,347.57000732421875,1509700
2021-06-21,348.1700134277344,354.489990234375,345.7200012207031,352.2900085449219,352.2900085449219,829000
2021-06-22,352.2799987792969,360.25,352.04998779296875,359.1099853515625,359.1099853515625,921600
2021-06-23,358.260009765625,362.1700134277344,357.0199890136719,359.3999938964844,359.3999938964844,684500
2021-06-24,362.8399963378906,364.9599914550781,361.1700134277344,361.9100036621094,361.9100036621094,768200
2021-06-25,365.0,371.0,361.0,363.69000244140625,363.69000244140625,1707700
2021-06-28,365.05999755859375,367.7900085449219,363.5199890136719,363.7900085449219,363.7900085449219,1222100
2021-06-29,363.7900085449219,368.32000732421875,363.1499938964844,366.6600036621094,366.6600036621094,648800
2021-06-30,366.3399963378906,367.25,364.489990234375,364.9700012207031,364.9700012207031,663900
2021-07-01,363.7900085449219,366.510009765625,361.510009765625,364.2300109863281,364.2300109863281,880800
2021-07-02,365.8699951171875,369.54998779296875,365.510009765625,368.4700012207031,368.4700012207031,697300
2021-07-06,369.95001220703125,372.4100036621094,364.739990234375,371.3699951171875,371.3699951171875,948000
2021-07-07,374.0,378.0,371.260009765625,377.82000732421875,377.82000732421875,836800
2021-07-08,370.67999267578125,375.1499938964844,368.67999267578125,373.5299987792969,373.5299987792969,795500
2021-07-09,373.9100036621094,378.42999267578125,372.7699890136719,377.4200134277344,377.4200134277344,671400
2021-07-12,375.92999267578125,378.0,366.5799865722656,368.9100036621094,368.9100036621094,806000
2021-07-13,367.0400085449219,372.6199951171875,365.8800048828125,370.7699890136719,370.7699890136719,647000
2021-07-14,377.3399963378906,385.8999938964844,375.8299865722656,376.989990234375,376.989990234375,2119400
2021-07-15,379.6099853515625,380.82000732421875,370.3800048828125,376.1700134277344,376.1700134277344,1186200
2021-07-16,376.4100036621094,378.5,370.9800109863281,371.69000244140625,371.69000244140625,623700
2021-07-19,367.7799987792969,373.7200012207031,364.510009765625,373.0400085449219,373.0400085449219,903900
2021-07-20,375.2699890136719,387.9200134277344,373.55999755859375,383.29998779296875,383.29998779296875,1637800
2021-07-21,383.20001220703125,386.3699951171875,380.5,383.6199951171875,383.6199951171875,682400
2021-07-22,383.75,397.5,383.75,395.8500061035156,395.8500061035156,1196500
2021-07-23,394.989990234375,405.95001220703125,394.1300048828125,402.7900085449219,402.7900085449219,1214700
2021-07-26,402.57000732421875,405.94000244140625,392.5400085449219,395.44000244140625,395.44000244140625,799200
2021-07-27,394.2699890136719,394.2699890136719,385.739990234375,391.42999267578125,391.42999267578125,652300
2021-07-28,392.3500061035156,394.7699890136719,389.1300048828125,393.0899963378906,393.0899963378906,511500
2021-07-29,394.5400085449219,406.239990234375,394.32000732421875,402.8699951171875,402.8699951171875,1052000
2021-07-30,399.1400146484375,403.2099914550781,397.8299865722656,400.1700134277344,400.1700134277344,563800
2021-08-02,402.7699890136719,406.2099914550781,399.5799865722656,402.6499938964844,402.6499938964844,511900
2021-08-03,402.760009765625,409.25,402.760009765625,407.510009765625,407.510009765625,575000
2021-08-04,409.0,413.489990234375,408.1199951171875,410.4700012207031,410.4700012207031,593200
2021-08-05,411.0,415.3399963378906,410.6300048828125,414.3900146484375,414.3900146484375,553700
2021-08-06,412.44000244140625,413.0,406.5299987792969,408.5199890136719,408.5199890136719,609100
2021-08-09,409.0899963378906,410.6499938964844,406.760009765625,407.6400146484375,407.6400146484375,546300
2021-08-10,407.3299865722656,411.5400085449219,404.5799865722656,405.8699951171875,405.8699951171875,602100
2021-08-11,406.260009765625,413.489990234375,405.8699951171875,408.82000732421875,408.82000732421875,567500
2021-08-12,407.5199890136719,410.0400085449219,406.3900146484375,408.9100036621094,408.9100036621094,397400
2021-08-13,409.0,409.1400146484375,403.1700134277344,408.7200012207031,408.7200012207031,429300
2021-08-16,406.25,407.57000732421875,400.3699951171875,407.4200134277344,407.4200134277344,572900
2021-08-17,403.1199951171875,403.25,388.20001220703125,392.4800109863281,392.4800109863281,1099100
2021-08-18,392.6000061035156,397.3500061035156,390.989990234375,391.3800048828125,391.3800048828125,512600
2021-08-19,385.5,399.0,384.3599853515625,396.489990234375,396.489990234375,840900
2021-08-20,395.9200134277344,398.20001220703125,391.5799865722656,397.8299865722656,397.8299865722656,635300
2021-08-23,398.57000732421875,406.32000732421875,396.55999755859375,404.3599853515625,404.3599853515625,546300
2021-08-24,403.5,406.8299865722656,402.0,405.79998779296875,405.79998779296875,491000
2021-08-25,404.8500061035156,409.0400085449219,402.6499938964844,408.32000732421875,408.32000732421875,506100
2021-08-26,408.5400085449219,408.5400085449219,402.0,404.44000244140625,404.44000244140625,469000
2021-08-27,403.760009765625,409.3399963378906,402.8299865722656,405.9700012207031,405.9700012207031,465800
2021-08-30,406.44000244140625,417.8500061035156,406.4100036621094,414.5199890136719,414.5199890136719,857700
2021-08-31,413.9700012207031,413.9700012207031,397.3599853515625,400.1700134277344,400.1700134277344,1275500
2021-09-01,400.7099914550781,401.95001220703125,393.67999267578125,395.5299987792969,395.5299987792969,966300
2021-09-02,398.239990234375,398.8500061035156,386.510009765625,388.3699951171875,388.3699951171875,884200
2021-09-03,388.2699890136719,390.7699890136719,385.1199951171875,388.3299865722656,388.3299865722656,712300
2021-09-07,394.8800048828125,394.95001220703125,383.010009765625,386.4599914550781,386.4599914550781,1080300
2021-09-08,384.95001220703125,386.2799987792969,376.3699951171875,380.8500061035156,380.8500061035156,2878300
2021-09-09,433.7300109863281,434.2200012207031,420.2699890136719,420.7099914550781,420.7099914550781,7789600
2021-09-10,424.0,430.04998779296875,417.0899963378906,425.5799865722656,425.5799865722656,2150600
2021-09-13,428.30999755859375,428.30999755859375,418.989990234375,425.1199951171875,425.1199951171875,1244600
2021-09-14,426.739990234375,427.69000244140625,419.3900146484375,420.5,420.5,853700
2021-09-15,420.94000244140625,421.0199890136719,414.0899963378906,418.95001220703125,418.95001220703125,818700
2021-09-16,417.2099914550781,429.79998779296875,417.2099914550781,426.44000244140625,426.44000244140625,978600
2021-09-17,428.3999938964844,432.739990234375,424.29998779296875,426.54998779296875,426.54998779296875,1546500
2021-09-20,418.1000061035156,425.29998779296875,412.489990234375,419.5299987792969,419.5299987792969,971500
2021-09-21,422.3900146484375,426.70001220703125,419.54998779296875,424.19000244140625,424.19000244140625,610900
2021-09-22,425.1199951171875,431.2799987792969,422.010009765625,431.17999267578125,431.17999267578125,948500
2021-09-23,433.0,437.32000732421875,430.0,431.9100036621094,431.9100036621094,1490100
2021-09-24,427.44000244140625,433.6099853515625,424.07000732421875,432.6099853515625,432.6099853515625,873300
2021-09-27,430.4800109863281,434.92999267578125,427.80999755859375,430.7200012207031,430.7200012207031,698100
2021-09-28,427.8900146484375,429.45001220703125,413.70001220703125,414.5400085449219,414.5400085449219,1149400
2021-09-29,418.07000732421875,419.0,408.5,410.2200012207031,410.2200012207031,898900
2021-09-30,410.2799987792969,411.29998779296875,403.32000732421875,404.70001220703125,404.70001220703125,798400
2021-10-01,407.5199890136719,408.19000244140625,399.3800048828125,401.3699951171875,401.3699951171875,787700
2021-10-04,401.30999755859375,401.4599914550781,390.4200134277344,392.57000732421875,392.57000732421875,956600
2021-10-05,399.07000732421875,404.80999755859375,396.67999267578125,397.1199951171875,397.1199951171875,818300
2021-10-06,392.6600036621094,400.67999267578125,392.5199890136719,398.1300048828125,398.1300048828125,810700
2021-10-07,401.010009765625,408.6099853515625,398.3999938964844,399.7200012207031,399.7200012207031,708700
2021-10-08,401.4100036621094,401.760009765625,393.7200012207031,397.2200012207031,397.2200012207031,560500
2021-10-11,399.3999938964844,399.3999938964844,385.6099853515625,386.0400085449219,386.0400085449219,790400
2021-10-12,388.44000244140625,389.739990234375,383.239990234375,384.57000732421875,384.57000732421875,828100
2021-10-13,390.3699951171875,402.07000732421875,388.3299865722656,400.7099914550781,400.7099914550781,1450500
2021-10-14,404.4800109863281,410.67999267578125,402.0799865722656,406.989990234375,406.989990234375,708700
2021-10-15,408.0899963378906,409.4100036621094,403.0,403.510009765625,403.510009765625,815500
2021-10-18,401.25,417.6199951171875,400.29998779296875,417.3800048828125,417.3800048828125,647700
2021-10-19,417.6400146484375,420.5799865722656,414.32000732421875,416.6400146484375,416.6400146484375,493600
2021-10-20,419.6600036621094,423.8999938964844,413.6600036621094,414.3999938964844,414.3999938964844,524600
2021-10-21,416.2699890136719,424.8500061035156,416.1400146484375,424.0400085449219,424.0400085449219,566800
2021-10-22,422.489990234375,424.57000732421875,418.8999938964844,421.7300109863281,421.7300109863281,444600
2021-10-25,423.739990234375,430.0,423.0299987792969,427.94000244140625,427.94000244140625,636700
2021-10-26,431.0,435.0,427.1099853515625,432.7300109863281,432.7300109863281,629900
2021-10-27,432.95001220703125,438.3599853515625,428.0,433.70001220703125,433.70001220703125,533700
2021-10-28,435.30999755859375,443.6000061035156,435.30999755859375,443.4599914550781,443.4599914550781,687400
2021-10-29,446.6199951171875,467.0400085449219,446.0799865722656,466.010009765625,466.010009765625,1346200
2021-11-01,468.0,469.44000244140625,456.1000061035156,458.8800048828125,458.8800048828125,788700
2021-11-02,461.5,470.1099853515625,460.7699890136719,464.6400146484375,464.6400146484375,676700
2021-11-03,466.1300048828125,469.1000061035156,462.1600036621094,467.4800109863281,467.4800109863281,561800
2021-11-04,469.92999267578125,478.6600036621094,469.0199890136719,473.94000244140625,473.94000244140625,676700
2021-11-05,474.2799987792969,477.3800048828125,465.7799987792969,467.9100036621094,467.9100036621094,817600
2021-11-08,471.82000732421875,471.82000732421875,456.760009765625,466.1400146484375,466.1400146484375,736300
2021-11-09,466.8399963378906,471.8399963378906,465.29998779296875,470.239990234375,470.239990234375,613600
2021-11-10,464.54998779296875,467.55999755859375,453.8500061035156,457.3599853515625,457.3599853515625,647500
2021-11-11,461.5,462.9100036621094,452.510009765625,453.0,453.0,507000
2021-11-12,457.44000244140625,457.44000244140625,450.6099853515625,452.5899963378906,452.5899963378906,721600
2021-11-15,455.75,464.6700134277344,454.6600036621094,461.9599914550781,461.9599914550781,737600
2021-11-16,464.510009765625,485.8299865722656,463.7300109863281,477.9100036621094,477.9100036621094,1390100
2021-11-17,476.7799987792969,477.79998779296875,465.3399963378906,465.8399963378906,465.8399963378906,866700
2021-11-18,469.0,474.05999755859375,462.04998779296875,473.239990234375,473.239990234375,750300
2021-11-19,474.3500061035156,478.2799987792969,469.0899963378906,473.0,473.0,872300
2021-11-22,473.42999267578125,473.42999267578125,458.2699890136719,460.92999267578125,460.92999267578125,795800
2021-11-23,460.7099914550781,465.3900146484375,454.7799987792969,458.760009765625,458.760009765625,600200
2021-11-24,452.510009765625,458.3900146484375,446.5799865722656,457.8599853515625,457.8599853515625,633500
2021-11-26,460.17999267578125,462.1099853515625,453.6400146484375,456.5799865722656,456.5799865722656,418700
2021-11-29,458.5,466.7200012207031,455.5,463.260009765625,463.260009765625,758900
2021-11-30,463.19000244140625,468.7699890136719,452.20001220703125,454.4100036621094,454.4100036621094,1266300
2021-12-01,459.54998779296875,467.9800109863281,447.9599914550781,448.42999267578125,448.42999267578125,892200
2021-12-02,447.5,454.0,441.3999938964844,450.67999267578125,450.67999267578125,833000
2021-12-03,453.42999267578125,454.94000244140625,430.6700134277344,435.7200012207031,435.7200012207031,1279200
2021-12-06,435.7200012207031,436.5400085449219,413.05999755859375,423.5400085449219,423.5400085449219,1479900
2021-12-07,434.9700012207031,442.5,431.6600036621094,434.95001220703125,434.95001220703125,1223400
2021-12-08,434.95001220703125,436.3800048828125,421.4700012207031,426.0,426.0,1858600
2021-12-09,426.80999755859375,427.4700012207031,415.8399963378906,416.9200134277344,416.9200134277344,3002100
2021-12-10,410.0,421.3900146484375,402.32000732421875,409.5799865722656,409.5799865722656,2641100
2021-12-13,412.6700134277344,414.8800048828125,401.4800109863281,403.75,403.75,1142000
2021-12-14,398.2799987792969,399.82000732421875,391.0,395.0899963378906,395.0899963378906,1431900
2021-12-15,394.0799865722656,405.0,385.1499938964844,402.4800109863281,402.4800109863281,1901300
2021-12-16,402.4800109863281,404.42999267578125,386.45001220703125,390.6199951171875,390.6199951171875,1718400
2021-12-17,384.1499938964844,388.510009765625,378.5,384.6600036621094,384.6600036621094,2066000
2021-12-20,382.6199951171875,382.95001220703125,366.45001220703125,370.57000732421875,370.57000732421875,2210800
2021-12-21,376.07000732421875,385.2200012207031,375.07000732421875,383.30999755859375,383.30999755859375,1664500
2021-12-22,385.2699890136719,390.9100036621094,383.5199890136719,388.7900085449219,388.7900085449219,1104900
2021-12-23,389.010009765625,392.5299987792969,383.4700012207031,391.55999755859375,391.55999755859375,906600
2021-12-27,392.9800109863281,401.9200134277344,392.9800109863281,400.75,400.75,926700
2021-12-28,405.9599914550781,406.0,400.0,400.07000732421875,400.07000732421875,953600
2021-12-29,400.29998779296875,403.0,400.0,401.0,401.0,742600
2021-12-30,401.5199890136719,405.3999938964844,398.5,398.69000244140625,398.69000244140625,936500
2021-12-31,400.0,401.9700012207031,391.2699890136719,391.45001220703125,391.45001220703125,1066000
2022-01-03,392.20001220703125,394.489990234375,380.6099853515625,387.55999755859375,387.55999755859375,1321900
2022-01-04,387.239990234375,389.7099914550781,376.010009765625,380.82000732421875,380.82000732421875,1199600
2022-01-05,381.1600036621094,381.1600036621094,362.2099914550781,362.4800109863281,362.4800109863281,1543600
2022-01-06,358.92999267578125,371.4200134277344,355.67999267578125,368.7699890136719,368.7699890136719,1660200
2022-01-07,366.0400085449219,366.989990234375,354.32000732421875,355.2099914550781,355.2099914550781,2212200
2022-01-10,329.95001220703125,349.5799865722656,323.5,348.42999267578125,348.42999267578125,4235900
2022-01-11,345.80999755859375,347.489990234375,337.04998779296875,346.75,346.75,1703100
2022-01-12,348.8599853515625,354.44000244140625,345.4800109863281,352.7200012207031,352.7200012207031,1461600
2022-01-13,353.8999938964844,354.8500061035156,335.7300109863281,336.2699890136719,336.2699890136719,1479400
2022-01-14,333.5,335.4800109863281,325.7300109863281,328.9800109863281,328.9800109863281,1850400
2022-01-18,325.07000732421875,336.3299865722656,324.0,332.5299987792969,332.5299987792969,1376300
2022-01-19,334.3800048828125,338.1000061035156,329.0199890136719,330.95001220703125,330.95001220703125,997000
2022-01-20,334.5,340.2900085449219,321.6499938964844,322.5299987792969,322.5299987792969,1362500
2022-01-21,321.5,324.0,312.6600036621094,313.0199890136719,313.0199890136719,1731600
2022-01-24,308.19000244140625,322.3900146484375,296.19000244140625,321.6199951171875,321.6199951171875,2444700
2022-01-25,313.010009765625,315.79998779296875,305.1199951171875,308.8299865722656,308.8299865722656,1347900
2022-01-26,313.5,319.760009765625,299.1700134277344,302.760009765625,302.760009765625,1457500
2022-01-27,307.8399963378906,312.42999267578125,304.45001220703125,306.5199890136719,306.5199890136719,1421800
2022-01-28,303.260009765625,316.3299865722656,301.6000061035156,315.9100036621094,315.9100036621094,1348400
2022-01-31,317.3399963378906,334.0799865722656,316.4100036621094,333.760009765625,333.760009765625,1903700
2022-02-01,335.4800109863281,346.1300048828125,333.3900146484375,344.9100036621094,344.9100036621094,1818600
2022-02-02,348.8599853515625,353.6199951171875,344.3999938964844,349.19000244140625,349.19000244140625,2267600
2022-02-03,338.0,345.4800109863281,329.25,330.3500061035156,330.3500061035156,1664300
2022-02-04,329.75,339.5199890136719,329.75,336.3699951171875,336.3699951171875,949900
2022-02-07,336.3699951171875,338.80999755859375,327.80999755859375,332.20001220703125,332.20001220703125,840300
2022-02-08,331.69000244140625,336.1400146484375,327.6499938964844,334.3999938964844,334.3999938964844,665500
2022-02-09,339.2099914550781,343.57000732421875,335.0,339.6400146484375,339.6400146484375,703200
2022-02-10,332.04998779296875,343.9200134277344,331.17999267578125,334.3500061035156,334.3500061035156,1186400
2022-02-11,333.2099914550781,336.1000061035156,315.6300048828125,316.7200012207031,316.7200012207031,1244200
2022-02-14,316.1400146484375,320.260009765625,309.9700012207031,313.6400146484375,313.6400146484375,1121900
2022-02-15,320.9100036621094,322.7099914550781,315.1099853515625,318.1499938964844,318.1499938964844,825500
2022-02-16,316.4599914550781,321.239990234375,312.0199890136719,320.0400085449219,320.0400085449219,783800
2022-02-17,317.4599914550781,321.1499938964844,309.5899963378906,310.0299987792969,310.0299987792969,710300
2022-02-18,313.239990234375,315.4200134277344,307.010009765625,308.6600036621094,308.6600036621094,822300
2022-02-22,306.57000732421875,311.5899963378906,300.92999267578125,304.5799865722656,304.5799865722656,1291700
2022-02-23,309.20001220703125,309.5199890136719,295.1700134277344,295.239990234375,295.239990234375,997400
2022-02-24,285.7799987792969,311.1400146484375,283.2099914550781,310.3599853515625,310.3599853515625,1507200
2022-02-25,310.0,318.4200134277344,305.2900085449219,317.5799865722656,317.5799865722656,937000
2022-02-28,312.4200134277344,320.42999267578125,311.3299865722656,319.94000244140625,319.94000244140625,1284700
2022-03-01,321.1099853515625,326.0199890136719,313.29998779296875,315.17999267578125,315.17999267578125,1236600
2022-03-02,317.3900146484375,330.7799987792969,316.760009765625,330.07000732421875,330.07000732421875,1360900
2022-03-03,330.6600036621094,331.5,320.5,322.8399963378906,322.8399963378906,1094100
2022-03-04,321.260009765625,323.989990234375,314.5400085449219,320.5799865722656,320.5799865722656,1131000
2022-03-07,322.6300048828125,324.4700012207031,301.8699951171875,302.3800048828125,302.3800048828125,1452500
2022-03-08,301.8599853515625,306.010009765625,292.19000244140625,296.5199890136719,296.5199890136719,1637300
2022-03-09,305.9200134277344,306.7900085449219,301.2200012207031,305.82000732421875,305.82000732421875,1574300
2022-03-10,300.0,303.9800109863281,297.5199890136719,301.739990234375,301.739990234375,934700
2022-03-11,306.1300048828125,306.1300048828125,291.3800048828125,291.54998779296875,291.54998779296875,978400
2022-03-14,290.6700134277344,293.760009765625,283.0,289.239990234375,289.239990234375,1459100
2022-03-15,284.1300048828125,293.010009765625,278.0,289.9200134277344,289.9200134277344,1734300
2022-03-16,297.1199951171875,306.3900146484375,292.25,305.1000061035156,305.1000061035156,1252200
2022-03-17,304.0299987792969,309.7699890136719,300.2200012207031,307.6000061035156,307.6000061035156,858800
2022-03-18,304.9100036621094,317.5299987792969,304.75,316.92999267578125,316.92999267578125,1272400
2022-03-21,316.0799865722656,317.0299987792969,303.5,308.2200012207031,308.2200012207031,1043000
2022-03-22,313.2900085449219,318.5,311.7099914550781,315.0299987792969,315.0299987792969,1181000
2022-03-23,313.3800048828125,315.7699890136719,308.17999267578125,310.4200134277344,310.4200134277344,975100
2022-03-24,310.5400085449219,317.8299865722656,306.04998779296875,317.739990234375,317.739990234375,1066500
2022-03-25,319.0,321.8399963378906,316.010009765625,321.1400146484375,321.1400146484375,1321400
2022-03-28,320.2200012207031,334.0,319.8599853515625,331.7799987792969,331.7799987792969,2255500
2022-03-29,337.0,353.3900146484375,336.07000732421875,343.9700012207031,343.9700012207031,3157000
2022-03-30,370.0,389.1499938964844,358.57000732421875,376.9200134277344,376.9200134277344,8082000
2022-03-31,374.95001220703125,377.0,364.9100036621094,365.2300109863281,365.2300109863281,2232700
2022-04-01,364.8999938964844,369.2300109863281,362.70001220703125,367.44000244140625,367.44000244140625,1360300
2022-04-04,368.3599853515625,384.3999938964844,368.25,384.17999267578125,384.17999267578125,1812700
2022-04-05,382.67999267578125,383.7699890136719,372.2799987792969,378.989990234375,378.989990234375,1497900
2022-04-06,372.0,374.7200012207031,365.0,371.8299865722656,371.8299865722656,1472100
2022-04-07,369.7799987792969,380.3999938964844,368.760009765625,379.2300109863281,379.2300109863281,1265400
2022-04-08,376.5400085449219,378.2200012207031,369.0799865722656,369.4599914550781,369.4599914550781,1268100
2022-04-11,365.55999755859375,372.4100036621094,361.1099853515625,368.739990234375,368.739990234375,1269000
2022-04-12,373.260009765625,390.760009765625,372.4599914550781,376.1600036621094,376.1600036621094,1787300
2022-04-13,376.1099853515625,398.5400085449219,375.7900085449219,395.0299987792969,395.0299987792969,2184900
2022-04-14,394.8599853515625,398.0,390.1700134277344,390.7799987792969,390.7799987792969,1505200
2022-04-18,389.3500061035156,393.6400146484375,382.4200134277344,387.55999755859375,387.55999755859375,847100
2022-04-19,395.8800048828125,408.489990234375,394.4700012207031,404.6600036621094,404.6600036621094,1951400
2022-04-20,410.32000732421875,410.70001220703125,384.8699951171875,385.3999938964844,385.3999938964844,2287300
2022-04-21,388.489990234375,392.0,375.010009765625,377.25,377.25,1747700
2022-04-22,373.7300109863281,376.510009765625,362.6600036621094,363.6600036621094,363.6600036621094,1640000
2022-04-25,361.6000061035156,368.4700012207031,356.510009765625,368.0899963378906,368.0899963378906,1350800
2022-04-26,364.239990234375,366.7900085449219,352.44000244140625,352.5299987792969,352.5299987792969,1336600
2022-04-27,352.5400085449219,361.9800109863281,350.04998779296875,354.0199890136719,354.0199890136719,1124300
2022-04-28,359.3500061035156,367.32000732421875,352.0899963378906,362.42999267578125,362.42999267578125,1004900
2022-04-29,364.0199890136719,371.3599853515625,353.92999267578125,354.6300048828125,354.6300048828125,996900
2022-05-02,354.0,361.44000244140625,349.6300048828125,360.8399963378906,360.8399963378906,794100
2022-05-03,360.0199890136719,361.45001220703125,353.1199951171875,355.70001220703125,355.70001220703125,738800
2022-05-04,352.7799987792969,365.32000732421875,345.1700134277344,364.6700134277344,364.6700134277344,962000
2022-05-05,359.9700012207031,360.94000244140625,338.3299865722656,343.6000061035156,343.6000061035156,1181000
2022-05-06,336.260009765625,336.75,309.5299987792969,317.04998779296875,317.04998779296875,2650800
2022-05-09,308.7900085449219,313.0,291.0,292.67999267578125,292.67999267578125,2201300
2022-05-10,301.4200134277344,307.8399963378906,288.7200012207031,302.1099853515625,302.1099853515625,1402100
2022-05-11,302.1099853515625,306.5400085449219,290.7799987792969,291.29998779296875,291.29998779296875,1456500
2022-05-12,285.0,302.7900085449219,281.54998779296875,294.0,294.0,1480300
2022-05-13,303.1300048828125,312.5799865722656,301.3599853515625,309.2900085449219,309.2900085449219,1076700
2022-05-16,302.1099853515625,308.6600036621094,300.5299987792969,304.1499938964844,304.1499938964844,758600
2022-05-17,314.8800048828125,316.489990234375,300.7699890136719,305.4800109863281,305.4800109863281,1223600
2022-05-18,296.0,296.010009765625,268.3599853515625,272.5199890136719,272.5199890136719,2832100
2022-05-19,267.70001220703125,278.7099914550781,264.239990234375,271.2200012207031,271.2200012207031,1971100
2022-05-20,279.8900146484375,280.8599853515625,263.20001220703125,274.0400085449219,274.0400085449219,1846700
2022-05-23,269.9200134277344,273.3599853515625,265.5299987792969,272.8399963378906,272.8399963378906,1312100
2022-05-24,266.3999938964844,267.1700134277344,253.07000732421875,257.510009765625,257.510009765625,1861500
2022-05-25,254.8800048828125,264.6000061035156,251.50999450683594,260.6600036621094,260.6600036621094,2576400
2022-05-26,276.42999267578125,289.4700012207031,275.489990234375,287.4800109863281,287.4800109863281,2340000
2022-05-27,288.82000732421875,297.55999755859375,288.82000732421875,293.6499938964844,293.6499938964844,1852600
2022-05-31,296.3599853515625,298.19000244140625,289.0299987792969,292.69000244140625,292.69000244140625,2958000
2022-06-01,297.8500061035156,299.70001220703125,286.8699951171875,289.9599914550781,289.9599914550781,2197000
2022-06-02,290.54998779296875,303.239990234375,286.70001220703125,302.5799865722656,302.5799865722656,4300700
2022-06-03,303.45001220703125,305.80999755859375,293.57000732421875,300.79998779296875,300.79998779296875,3997300
2022-06-06,305.0,308.4200134277344,296.6000061035156,301.6199951171875,301.6199951171875,1850900
2022-06-07,295.0,307.8599853515625,294.67999267578125,306.19000244140625,306.19000244140625,1285500
2022-06-08,306.54998779296875,312.8999938964844,304.32000732421875,307.7699890136719,307.7699890136719,954200
2022-06-09,303.80999755859375,309.44000244140625,302.1300048828125,302.29998779296875,302.29998779296875,867000
2022-06-10,294.5799865722656,297.5,290.07000732421875,291.6000061035156,291.6000061035156,1184500
2022-06-13,280.4200134277344,282.3699951171875,273.3399963378906,278.5799865722656,278.5799865722656,1750200
2022-06-14,280.44000244140625,284.6199951171875,276.5799865722656,280.5,280.5,931000
2022-06-15,283.2099914550781,290.1199951171875,279.75,285.7200012207031,285.7200012207031,955300
2022-06-16,278.3699951171875,278.3699951171875,267.7799987792969,271.3399963378906,271.3399963378906,1269900
2022-06-17,271.2699890136719,281.2300109863281,271.1499938964844,278.1300048828125,278.1300048828125,1383900
2022-06-21,282.8900146484375,284.5,275.8900146484375,276.45001220703125,276.45001220703125,1128700
2022-06-22,274.1199951171875,280.5899963378906,271.3500061035156,277.8800048828125,277.8800048828125,979300
2022-06-23,282.1400146484375,288.4100036621094,278.0,286.3299865722656,286.3299865722656,972000
2022-06-24,289.9200134277344,295.7099914550781,288.4700012207031,293.3599853515625,293.3599853515625,1443300
2022-06-27,295.1199951171875,297.05999755859375,284.2300109863281,287.4800109863281,287.4800109863281,1010600
2022-06-28,288.3699951171875,294.05999755859375,278.1600036621094,278.55999755859375,278.55999755859375,939700
2022-06-29,280.4599914550781,286.4599914550781,276.5299987792969,282.9800109863281,282.9800109863281,819600
2022-06-30,277.489990234375,279.8299865722656,271.0,272.6099853515625,272.6099853515625,1248200
2022-07-01,269.1400146484375,271.0799865722656,261.0299987792969,263.3800048828125,263.3800048828125,1867900
2022-07-05,263.1700134277344,283.8399963378906,258.7900085449219,283.6199951171875,283.6199951171875,2415000
2022-07-06,284.32000732421875,288.8999938964844,275.760009765625,280.3800048828125,280.3800048828125,956600
2022-07-07,280.3299865722656,291.8699951171875,278.2300109863281,290.7200012207031,290.7200012207031,931500
2022-07-08,288.9100036621094,295.489990234375,285.1499938964844,293.3900146484375,293.3900146484375,892500
2022-07-11,281.0,287.20001220703125,277.1000061035156,281.760009765625,281.760009765625,1230100
2022-07-12,282.80999755859375,289.0,277.04998779296875,279.3900146484375,279.3900146484375,776800
2022-07-13,272.8900146484375,283.0,271.04998779296875,280.9700012207031,280.9700012207031,797300
2022-07-14,277.3500061035156,280.70001220703125,272.260009765625,278.989990234375,278.989990234375,797600
2022-07-15,280.8900146484375,287.6300048828125,280.6000061035156,286.4100036621094,286.4100036621094,946000
2022-07-18,291.6000061035156,293.5400085449219,283.0400085449219,284.6400146484375,284.6400146484375,700700
2022-07-19,290.30999755859375,296.6300048828125,286.8399963378906,296.3399963378906,296.3399963378906,864100
2022-07-20,295.489990234375,303.7699890136719,294.3399963378906,302.7900085449219,302.7900085449219,1001700
2022-07-21,305.29998779296875,308.25,300.1600036621094,307.3599853515625,307.3599853515625,909100
2022-07-22,307.5,312.25,301.95001220703125,304.5,304.5,808700
2022-07-25,306.0,306.0,298.82000732421875,301.32000732421875,301.32000732421875,512800
2022-07-26,293.75,294.5299987792969,281.57000732421875,283.4100036621094,283.4100036621094,1618400
2022-07-27,285.54998779296875,296.3500061035156,283.94000244140625,295.57000732421875,295.57000732421875,1302700
2022-07-28,295.57000732421875,305.1600036621094,293.3599853515625,303.8500061035156,303.8500061035156,807200
2022-07-29,304.3800048828125,310.8599853515625,299.5,310.510009765625,310.510009765625,1384200
2022-08-01,308.0899963378906,314.1499938964844,305.67999267578125,310.010009765625,310.010009765625,743600
2022-08-02,307.4200134277344,310.4200134277344,303.5799865722656,305.70001220703125,305.70001220703125,803500
2022-08-03,311.0,316.9700012207031,308.44000244140625,315.3800048828125,315.3800048828125,849600
2022-08-04,316.3500061035156,317.57000732421875,313.6700134277344,316.3999938964844,316.3999938964844,882200
2022-08-05,309.29998779296875,321.4200134277344,308.7699890136719,317.79998779296875,317.79998779296875,1012700
2022-08-08,317.0400085449219,326.5,315.1300048828125,316.239990234375,316.239990234375,844500
2022-08-09,314.0199890136719,314.5,303.1600036621094,306.54998779296875,306.54998779296875,669800
2022-08-10,314.0,322.0,313.45001220703125,319.260009765625,319.260009765625,1145800
2022-08-11,325.8399963378906,328.94000244140625,314.55999755859375,316.9800109863281,316.9800109863281,915900
2022-08-12,320.70001220703125,322.8999938964844,317.1400146484375,321.69000244140625,321.69000244140625,755000
2022-08-15,320.17999267578125,330.4700012207031,320.1400146484375,330.3399963378906,330.3399963378906,953900
2022-08-16,331.0,335.7099914550781,326.260009765625,331.70001220703125,331.70001220703125,1078000
2022-08-17,327.5299987792969,332.5,324.510009765625,329.79998779296875,329.79998779296875,772600
2022-08-18,330.57000732421875,334.9599914550781,328.510009765625,333.4200134277344,333.4200134277344,834100
2022-08-19,328.4800109863281,329.0199890136719,321.32000732421875,322.4700012207031,322.4700012207031,935200
2022-08-22,317.1199951171875,321.489990234375,313.5199890136719,315.2200012207031,315.2200012207031,892200
2022-08-23,315.3500061035156,322.54998779296875,314.69000244140625,315.92999267578125,315.92999267578125,689300
2022-08-24,315.1000061035156,321.0199890136719,313.260009765625,317.8399963378906,317.8399963378906,551800
2022-08-25,319.2200012207031,323.5899963378906,317.0400085449219,323.3599853515625,323.3599853515625,603200
2022-08-26,323.20001220703125,324.8999938964844,310.1400146484375,311.30999755859375,311.30999755859375,1111600
2022-08-29,304.9800109863281,311.9700012207031,303.6600036621094,307.5,307.5,1165100
2022-08-30,311.3599853515625,312.0,302.5,307.07000732421875,307.07000732421875,1179200
2022-08-31,307.9599914550781,310.489990234375,295.5400085449219,299.9599914550781,299.9599914550781,1915300
2022-09-01,293.9700012207031,294.8800048828125,283.30999755859375,294.45001220703125,294.45001220703125,3495300
2022-09-02,326.3999938964844,329.6400146484375,311.1199951171875,314.1700134277344,314.1700134277344,8780300
2022-09-06,313.8999938964844,328.5799865722656,312.3900146484375,327.80999755859375,327.80999755859375,3921500
2022-09-07,329.20001220703125,339.75,324.4599914550781,336.8699951171875,336.8699951171875,2616300
2022-09-08,334.6400146484375,346.0199890136719,332.9100036621094,345.7900085449219,345.7900085449219,2206700
2022-09-09,348.45001220703125,355.5899963378906,347.5,348.6499938964844,348.6499938964844,2188100
2022-09-12,349.0,353.260009765625,348.05999755859375,352.739990234375,352.739990234375,1217400
2022-09-13,342.95001220703125,346.2099914550781,335.3699951171875,337.32000732421875,337.32000732421875,1436400
2022-09-14,339.0400085449219,343.3699951171875,335.3900146484375,342.9200134277344,342.9200134277344,1414300
2022-09-15,341.1700134277344,345.1000061035156,336.57000732421875,338.6000061035156,338.6000061035156,1065700
2022-09-16,331.8500061035156,336.55999755859375,330.1600036621094,333.239990234375,333.239990234375,1520400
2022-09-19,330.07000732421875,337.45001220703125,329.42999267578125,337.0799865722656,337.0799865722656,1037400
2022-09-20,334.0799865722656,335.6700134277344,327.79998779296875,331.57000732421875,331.57000732421875,819300
2022-09-21,334.1300048828125,334.1300048828125,317.8999938964844,318.1199951171875,318.1199951171875,1405200
2022-09-22,318.05999755859375,318.2799987792969,306.0199890136719,306.29998779296875,306.29998779296875,1621900
2022-09-23,302.5,303.5,289.260009765625,293.20001220703125,293.20001220703125,1926600
2022-09-26,292.260009765625,300.7900085449219,291.8699951171875,294.6600036621094,294.6600036621094,1325200
2022-09-27,300.20001220703125,303.4599914550781,294.55999755859375,299.19000244140625,299.19000244140625,1247800
2022-09-28,300.1000061035156,310.8900146484375,298.5400085449219,309.3399963378906,309.3399963378906,1239500
2022-09-29,303.9700012207031,304.80999755859375,296.1400146484375,300.2200012207031,300.2200012207031,1262600
2022-09-30,285.6499938964844,287.4800109863281,277.5,279.55999755859375,279.55999755859375,3842000
2022-10-03,281.5,295.6400146484375,281.1199951171875,292.1000061035156,292.1000061035156,1776800
2022-10-04,302.1300048828125,308.9700012207031,301.6700134277344,307.79998779296875,307.79998779296875,1551200
2022-10-05,303.8500061035156,311.54998779296875,301.6700134277344,310.04998779296875,310.04998779296875,1259400
2022-10-06,308.0199890136719,316.2699890136719,308.0199890136719,310.4800109863281,310.4800109863281,1060200
2022-10-07,303.54998779296875,306.44000244140625,296.4700012207031,298.2200012207031,298.2200012207031,1284000
2022-10-10,297.6400146484375,297.6400146484375,286.54998779296875,289.8500061035156,289.8500061035156,1134000
2022-10-11,296.92999267578125,304.2799987792969,287.8299865722656,295.67999267578125,295.67999267578125,2579400
2022-10-12,298.8500061035156,302.8699951171875,292.1199951171875,295.5,295.5,1671700
2022-10-13,285.5,299.5799865722656,279.1000061035156,294.510009765625,294.510009765625,1492400
2022-10-14,300.2699890136719,304.0,286.2799987792969,288.7799987792969,288.7799987792969,1551300
2022-10-17,295.55999755859375,300.5299987792969,293.32000732421875,297.6499938964844,297.6499938964844,1492300
2022-10-18,307.739990234375,308.8800048828125,294.260009765625,297.760009765625,297.760009765625,1142300
2022-10-19,295.0,304.5,293.760009765625,296.8699951171875,296.8699951171875,1563900
2022-10-20,296.7200012207031,303.92999267578125,290.20001220703125,293.1300048828125,293.1300048828125,1338300
2022-10-21,291.4599914550781,299.1300048828125,289.010009765625,298.6300048828125,298.6300048828125,1258100
2022-10-24,299.8399963378906,299.8399963378906,287.6400146484375,297.67999267578125,297.67999267578125,1242000
2022-10-25,301.8500061035156,321.6199951171875,300.5299987792969,320.6300048828125,320.6300048828125,2266000
2022-10-26,316.7799987792969,328.80999755859375,314.1000061035156,321.3299865722656,321.3299865722656,1725900
2022-10-27,323.5,327.29998779296875,316.30999755859375,320.6099853515625,320.6099853515625,1339800
2022-10-28,314.1400146484375,329.4800109863281,312.489990234375,328.4800109863281,328.4800109863281,1697500
2022-10-31,325.0,332.5899963378906,323.57000732421875,329.0400085449219,329.0400085449219,1219000
2022-11-01,335.0,337.1400146484375,327.0799865722656,330.3599853515625,330.3599853515625,1154000
2022-11-02,328.9100036621094,331.1099853515625,315.80999755859375,316.05999755859375,316.05999755859375,1326300
2022-11-03,315.17999267578125,322.8299865722656,310.5199890136719,318.1000061035156,318.1000061035156,873600
2022-11-04,327.5299987792969,330.8800048828125,317.3900146484375,325.57000732421875,325.57000732421875,992400
2022-11-07,330.4200134277344,330.4200134277344,317.6000061035156,324.25,324.25,929400
2022-11-08,326.0799865722656,334.5400085449219,323.57000732421875,328.5,328.5,1044300
2022-11-09,328.260009765625,334.82000732421875,320.1499938964844,321.2099914550781,321.2099914550781,1370000
2022-11-10,338.8399963378906,354.6499938964844,338.75,353.8500061035156,353.8500061035156,2212200
2022-11-11,353.42999267578125,370.4599914550781,353.0,359.70001220703125,359.70001220703125,2337900
2022-11-14,354.4599914550781,360.6600036621094,351.05999755859375,352.739990234375,352.739990234375,1258800
2022-11-15,364.9100036621094,368.5400085449219,357.3500061035156,359.55999755859375,359.55999755859375,1323400
2022-11-16,351.6499938964844,357.4200134277344,345.7699890136719,355.760009765625,355.760009765625,1346200
2022-11-17,349.739990234375,355.1300048828125,347.5899963378906,354.2699890136719,354.2699890136719,806400
2022-11-18,358.1199951171875,360.0,344.29998779296875,347.8500061035156,347.8500061035156,1201800
2022-11-21,344.2900085449219,351.30999755859375,340.5,349.3800048828125,349.3800048828125,1042100
2022-11-22,351.7900085449219,355.8699951171875,346.6600036621094,355.6400146484375,355.6400146484375,901800
2022-11-23,355.3800048828125,362.1099853515625,353.0799865722656,360.5299987792969,360.5299987792969,824100
2022-11-25,359.45001220703125,362.2799987792969,358.760009765625,361.1600036621094,361.1600036621094,523400
2022-11-28,361.760009765625,368.1400146484375,361.3299865722656,363.2799987792969,363.2799987792969,1099700
2022-11-29,363.3900146484375,368.0899963378906,361.42999267578125,363.32000732421875,363.32000732421875,932800
2022-11-30,364.57000732421875,380.8699951171875,362.6499938964844,380.30999755859375,380.30999755859375,2269800
2022-12-01,380.30999755859375,386.45001220703125,377.8900146484375,381.82000732421875,381.82000732421875,1236300
2022-12-02,375.510009765625,386.70001220703125,375.20001220703125,385.989990234375,385.989990234375,1180800
2022-12-05,384.1400146484375,384.1400146484375,374.760009765625,381.1300048828125,381.1300048828125,1699600
2022-12-06,380.6000061035156,382.0799865722656,366.3900146484375,370.0,370.0,1199400
2022-12-07,371.2300109863281,377.010009765625,369.9800109863281,372.3299865722656,372.3299865722656,1387000
2022-12-08,374.989990234375,377.20001220703125,368.44000244140625,374.510009765625,374.510009765625,3344100
2022-12-09,344.1300048828125,349.0,323.1499938964844,326.3900146484375,326.3900146484375,9306000
2022-12-12,325.239990234375,328.5,319.0,328.2300109863281,328.2300109863281,4119800
2022-12-13,338.0,339.80999755859375,321.5,326.2699890136719,326.2699890136719,2618500
2022-12-14,326.2699890136719,337.2699890136719,326.0,333.3299865722656,333.3299865722656,2816600
2022-12-15,327.1000061035156,331.489990234375,325.0,325.2099914550781,325.2099914550781,2073000
2022-12-16,322.07000732421875,326.5,318.19000244140625,321.239990234375,321.239990234375,2170500
2022-12-19,321.30999755859375,321.30999755859375,316.510009765625,316.9200134277344,316.9200134277344,1247600
2022-12-20,315.0,315.54998779296875,306.3800048828125,307.1199951171875,307.1199951171875,2354200
2022-12-21,317.9100036621094,320.42999267578125,311.55999755859375,316.739990234375,316.739990234375,2324900
2022-12-22,313.0199890136719,314.489990234375,308.69000244140625,312.92999267578125,312.92999267578125,1499300
2022-12-23,310.25,312.67999267578125,309.0,311.5400085449219,311.5400085449219,933500
2022-12-27,312.7699890136719,318.989990234375,309.6600036621094,315.0400085449219,315.0400085449219,1287900
2022-12-28,313.989990234375,315.82000732421875,307.6300048828125,308.9599914550781,308.9599914550781,1458200
2022-12-29,310.2099914550781,318.30999755859375,310.0400085449219,316.82000732421875,316.82000732421875,936000
2022-12-30,311.8599853515625,320.4700012207031,311.29998779296875,320.3800048828125,320.3800048828125,1345700
2023-01-03,326.8800048828125,327.3399963378906,319.4599914550781,323.3800048828125,323.3800048828125,1305000
2023-01-04,326.55999755859375,326.75,317.0299987792969,320.9800109863281,320.9800109863281,1678100
2023-01-05,320.8699951171875,328.5400085449219,316.5,325.92999267578125,325.92999267578125,1787000
2023-01-06,329.5,334.2300109863281,326.82000732421875,329.260009765625,329.260009765625,2298200
2023-01-09,293.20001220703125,304.4100036621094,289.4800109863281,298.6600036621094,298.6600036621094,8292900
2023-01-10,299.8399963378906,309.8800048828125,298.5899963378906,309.4800109863281,309.4800109863281,3140400
2023-01-11,310.760009765625,312.4100036621094,306.8999938964844,311.9599914550781,311.9599914550781,2224400
2023-01-12,311.9599914550781,316.8500061035156,306.8599853515625,314.989990234375,314.989990234375,1587700
2023-01-13,311.1700134277344,315.739990234375,310.25,315.4700012207031,315.4700012207031,1543200
2023-01-17,314.0,324.19000244140625,313.1499938964844,323.82000732421875,323.82000732421875,1491400
2023-01-18,324.8500061035156,327.760009765625,317.1700134277344,318.07000732421875,318.07000732421875,1284100
2023-01-19,316.010009765625,316.8399963378906,306.70001220703125,307.94000244140625,307.94000244140625,1519700
2023-01-20,307.25,314.4200134277344,304.3399963378906,312.79998779296875,312.79998779296875,1537800
2023-01-23,312.5,319.1300048828125,310.0,316.0799865722656,316.0799865722656,1643400
2023-01-24,304.45001220703125,311.4200134277344,302.1099853515625,311.2099914550781,311.2099914550781,2693700
2023-01-25,305.4100036621094,310.8500061035156,304.2200012207031,309.5199890136719,309.5199890136719,1425100
2023-01-26,313.2699890136719,313.5,305.7699890136719,309.5899963378906,309.5899963378906,1708300
2023-01-27,307.80999755859375,311.69000244140625,305.17999267578125,310.8500061035156,310.8500061035156,2077500
2023-01-30,308.9800109863281,310.9599914550781,302.4100036621094,302.5899963378906,302.5899963378906,1585300
2023-01-31,303.2099914550781,307.260009765625,301.79998779296875,306.8800048828125,306.8800048828125,1667300
2023-02-01,306.8999938964844,318.69000244140625,305.25,315.7099914550781,315.7099914550781,2010200
2023-02-02,318.9599914550781,328.4200134277344,316.55999755859375,322.760009765625,322.760009765625,2224900
2023-02-03,317.5,325.1000061035156,317.5,319.4200134277344,319.4200134277344,1191200
2023-02-06,314.4200134277344,319.3900146484375,310.19000244140625,311.32000732421875,311.32000732421875,1249300
2023-02-07,311.6600036621094,319.7799987792969,305.7799987792969,319.1000061035156,319.1000061035156,1263000
2023-02-08,314.05999755859375,315.5199890136719,307.0299987792969,309.2799987792969,309.2799987792969,1479700
2023-02-09,313.42999267578125,316.5299987792969,309.2300109863281,310.45001220703125,310.45001220703125,1150700
2023-02-10,306.9100036621094,311.5,305.7799987792969,309.3999938964844,309.3999938964844,1365000
2023-02-13,311.30999755859375,317.489990234375,309.9700012207031,317.0799865722656,317.0799865722656,1202500
2023-02-14,313.6400146484375,321.7900085449219,311.6600036621094,319.8800048828125,319.8800048828125,1005900
2023-02-15,318.05999755859375,325.2699890136719,317.6700134277344,325.2300109863281,325.2300109863281,1027000
2023-02-16,322.6099853515625,328.1600036621094,319.5799865722656,321.8299865722656,321.8299865722656,1096900
2023-02-17,318.7699890136719,322.1099853515625,315.20001220703125,320.3599853515625,320.3599853515625,840000
2023-02-21,314.8299865722656,318.3399963378906,313.79998779296875,314.1099853515625,314.1099853515625,1065500
2023-02-22,313.7699890136719,317.5400085449219,312.3500061035156,316.5199890136719,316.5199890136719,768800
2023-02-23,316.5400085449219,318.0,310.2099914550781,317.79998779296875,317.79998779296875,984000
2023-02-24,313.3299865722656,313.3299865722656,305.82000732421875,308.1000061035156,308.1000061035156,1287600
2023-02-27,311.5,313.1499938964844,307.3599853515625,310.29998779296875,310.29998779296875,1006000
2023-02-28,308.67999267578125,312.9800109863281,308.3800048828125,309.20001220703125,309.20001220703125,1032200
2023-03-01,309.3900146484375,311.760009765625,303.80999755859375,309.489990234375,309.489990234375,1255300
2023-03-02,307.94000244140625,313.6000061035156,306.57000732421875,311.6499938964844,311.6499938964844,898300
2023-03-03,314.0,317.5899963378906,311.29998779296875,316.8299865722656,316.8299865722656,977400
2023-03-06,314.2699890136719,316.8500061035156,304.5299987792969,304.6000061035156,304.6000061035156,2401800
2023-03-07,305.7300109863281,311.3999938964844,301.5299987792969,301.80999755859375,301.80999755859375,1974900
2023-03-08,302.1099853515625,307.2699890136719,300.6499938964844,305.8699951171875,305.8699951171875,1395200
2023-03-09,305.7300109863281,309.19000244140625,300.19000244140625,301.79998779296875,301.79998779296875,1492000
2023-03-10,302.8800048828125,302.9200134277344,294.2300109863281,296.260009765625,296.260009765625,2863300
2023-03-13,294.4100036621094,296.8299865722656,288.5299987792969,292.8999938964844,292.8999938964844,3388800
2023-03-14,296.1499938964844,296.5199890136719,291.5,295.1000061035156,295.1000061035156,2805900
2023-03-15,291.0199890136719,294.2900085449219,286.5799865722656,293.2300109863281,293.2300109863281,2055300
2023-03-16,290.42999267578125,297.5400085449219,289.1400146484375,297.3999938964844,297.3999938964844,1667700
2023-03-17,294.8699951171875,297.32000732421875,289.94000244140625,294.739990234375,294.739990234375,2517600
2023-03-20,295.9599914550781,297.42999267578125,289.80999755859375,293.45001220703125,293.45001220703125,1621900
2023-03-21,296.5299987792969,304.75,296.4599914550781,298.80999755859375,298.80999755859375,2369300
2023-03-22,301.6199951171875,312.20001220703125,300.7799987792969,303.7300109863281,303.7300109863281,2457200
2023-03-23,308.2799987792969,312.5799865722656,304.19000244140625,308.2200012207031,308.2200012207031,1517800
2023-03-24,308.05999755859375,315.510009765625,306.5899963378906,313.45001220703125,313.45001220703125,1506500
2023-03-27,316.29998779296875,317.8699951171875,310.4100036621094,317.2200012207031,317.2200012207031,1817600
2023-03-28,319.6099853515625,321.25,314.2200012207031,320.30999755859375,320.30999755859375,5869000
2023-03-29,366.25,370.25,359.6400146484375,361.0400085449219,361.0400085449219,11502000
2023-03-30,365.0,368.1400146484375,356.5,358.0899963378906,358.0899963378906,2864900
2023-03-31,360.04998779296875,364.489990234375,357.7300109863281,364.19000244140625,364.19000244140625,2218000
2023-04-03,364.19000244140625,367.5199890136719,361.739990234375,367.3999938964844,367.3999938964844,1655600
2023-04-04,366.5899963378906,370.260009765625,364.79998779296875,366.79998779296875,366.79998779296875,1682200
2023-04-05,367.6400146484375,371.260009765625,362.760009765625,364.80999755859375,364.80999755859375,1437900
2023-04-06,362.2200012207031,365.5899963378906,359.6400146484375,364.3299865722656,364.3299865722656,1322000
2023-04-10,361.4700012207031,364.6700134277344,361.1700134277344,363.3699951171875,363.3699951171875,972200
2023-04-11,362.75,368.94000244140625,361.79998779296875,365.80999755859375,365.80999755859375,1329300
2023-04-12,370.0,370.0,363.1099853515625,363.5400085449219,363.5400085449219,1092900
2023-04-13,365.8699951171875,366.8599853515625,363.5,364.3800048828125,364.3800048828125,1202400
2023-04-14,364.0,369.1400146484375,363.8599853515625,368.25,368.25,1030800
2023-04-17,369.989990234375,373.4100036621094,366.989990234375,368.3800048828125,368.3800048828125,1820000
2023-04-18,372.1000061035156,373.5,369.5299987792969,372.5,372.5,1407000
2023-04-19,371.75,374.05999755859375,369.8500061035156,370.1199951171875,370.1199951171875,878800
2023-04-20,369.5299987792969,377.8399963378906,369.07000732421875,376.7099914550781,376.7099914550781,1403800
2023-04-21,376.7099914550781,378.0899963378906,374.2799987792969,377.79998779296875,377.79998779296875,1007700
2023-04-24,378.760009765625,384.25,377.8299865722656,381.3699951171875,381.3699951171875,1504000
2023-04-25,378.2200012207031,380.3900146484375,372.260009765625,372.80999755859375,372.80999755859375,1784300
2023-04-26,373.7799987792969,375.2099914550781,371.8599853515625,372.94000244140625,372.94000244140625,1019700
2023-04-27,376.3399963378906,379.1499938964844,373.32000732421875,378.0799865722656,378.0799865722656,1045100
2023-04-28,377.1600036621094,380.3299865722656,375.9100036621094,379.92999267578125,379.92999267578125,1013600
2023-05-01,380.5799865722656,385.44000244140625,380.2099914550781,384.989990234375,384.989990234375,1302300
2023-05-02,383.17999267578125,383.79998779296875,378.25,380.75,380.75,1229400
2023-05-03,381.5299987792969,387.67999267578125,378.3800048828125,383.1199951171875,383.1199951171875,1279600
2023-05-04,383.1199951171875,384.7300109863281,381.0199890136719,382.05999755859375,382.05999755859375,1481700
2023-05-05,385.3299865722656,389.05999755859375,382.6300048828125,386.7099914550781,386.7099914550781,1318100
2023-05-08,387.989990234375,388.989990234375,380.9200134277344,381.8599853515625,381.8599853515625,1130900
2023-05-09,377.1099853515625,383.3699951171875,375.92999267578125,381.44000244140625,381.44000244140625,1004900
2023-05-10,385.3599853515625,385.3599853515625,377.7200012207031,379.32000732421875,379.32000732421875,1027100
2023-05-11,378.75,379.6600036621094,376.04998779296875,377.32000732421875,377.32000732421875,775800
2023-05-12,377.010009765625,378.42999267578125,372.5,376.20001220703125,376.20001220703125,1044300
2023-05-15,376.6000061035156,378.0,373.7099914550781,375.7099914550781,375.7099914550781,1298200
2023-05-16,372.1600036621094,372.8800048828125,367.54998779296875,371.5199890136719,371.5199890136719,1509200
2023-05-17,371.29998779296875,373.239990234375,367.3500061035156,372.2200012207031,372.2200012207031,1377200
2023-05-18,371.8999938964844,379.3500061035156,371.1499938964844,378.70001220703125,378.70001220703125,1223100
2023-05-19,375.2099914550781,375.2099914550781,365.1099853515625,368.5299987792969,368.5299987792969,1566400
2023-05-22,366.92999267578125,367.8399963378906,356.6499938964844,363.1199951171875,363.1199951171875,1830800
2023-05-23,362.3999938964844,362.989990234375,352.45001220703125,353.8599853515625,353.8599853515625,1589000
2023-05-24,353.8599853515625,353.9700012207031,343.4200134277344,344.5799865722656,344.5799865722656,2117600
2023-05-25,343.0899963378906,346.5299987792969,340.95001220703125,342.3399963378906,342.3399963378906,1415000
2023-05-26,342.3399963378906,344.3900146484375,339.489990234375,340.260009765625,340.260009765625,1789800
2023-05-30,341.0199890136719,343.3800048828125,335.3500061035156,336.6400146484375,336.6400146484375,2531700
2023-05-31,335.3900146484375,335.989990234375,329.1199951171875,331.92999267578125,331.92999267578125,3735200
2023-06-01,330.9100036621094,334.67999267578125,326.92999267578125,328.3500061035156,328.3500061035156,4166100
2023-06-02,378.2300109863281,386.3299865722656,364.82000732421875,365.44000244140625,365.44000244140625,9304500
2023-06-05,363.0,363.6400146484375,355.6099853515625,356.44000244140625,356.44000244140625,3093000
2023-06-06,357.8999938964844,361.6099853515625,354.7799987792969,356.0199890136719,356.0199890136719,1707900
2023-06-07,355.0899963378906,358.3999938964844,352.5400085449219,353.92999267578125,353.92999267578125,1376400
2023-06-08,354.0199890136719,355.2699890136719,350.8999938964844,354.95001220703125,354.95001220703125,1367200
2023-06-09,355.489990234375,360.5,354.010009765625,360.3999938964844,360.3999938964844,1707000
2023-06-12,362.17999267578125,368.79998779296875,357.1600036621094,368.17999267578125,368.17999267578125,1939900
2023-06-13,370.25,370.5299987792969,364.42999267578125,368.3599853515625,368.3599853515625,1629500
2023-06-14,370.0,378.760009765625,369.0899963378906,377.2099914550781,377.2099914550781,1827900
2023-06-15,377.2099914550781,383.20001220703125,376.1000061035156,382.6300048828125,382.6300048828125,1405700
2023-06-16,386.8699951171875,386.8699951171875,381.04998779296875,383.0199890136719,383.0199890136719,1849700
2023-06-20,383.0,383.8299865722656,378.760009765625,383.489990234375,383.489990234375,1468700
2023-06-21,384.0299987792969,385.5,378.0199890136719,378.80999755859375,378.80999755859375,1212900
2023-06-22,376.42999267578125,379.4200134277344,376.0,377.9599914550781,377.9599914550781,886900
2023-06-23,374.1000061035156,377.29998779296875,372.4599914550781,374.25,374.25,3262900
2023-06-26,377.30999755859375,378.2900085449219,373.4700012207031,373.7699890136719,373.7699890136719,1028100
2023-06-27,375.2900085449219,377.5,374.1600036621094,374.5199890136719,374.5199890136719,823300
2023-06-28,377.05999755859375,378.8299865722656,374.3399963378906,376.25,376.25,880400
2023-06-29,378.0199890136719,379.9599914550781,369.8399963378906,370.260009765625,370.260009765625,1103500
2023-06-30,375.3699951171875,380.3699951171875,374.760009765625,378.5,378.5,1477700
2023-07-03,379.8999938964844,381.5,377.6099853515625,379.4100036621094,379.4100036621094,498300
2023-07-05,376.3299865722656,381.1499938964844,374.1000061035156,375.989990234375,375.989990234375,1000100
2023-07-06,370.0,373.489990234375,366.010009765625,367.0299987792969,367.0299987792969,1136000
2023-07-07,366.0,367.8999938964844,363.260009765625,363.739990234375,363.739990234375,934100
2023-07-10,364.7200012207031,372.8800048828125,364.2900085449219,369.5199890136719,369.5199890136719,1043300
2023-07-11,371.44000244140625,380.0899963378906,371.3800048828125,379.4800109863281,379.4800109863281,887300
2023-07-12,383.6000061035156,384.739990234375,378.54998779296875,383.32000732421875,383.32000732421875,979900
2023-07-13,386.989990234375,387.7300109863281,379.3399963378906,379.5400085449219,379.5400085449219,702000
2023-07-14,379.7300109863281,381.7799987792969,377.5199890136719,380.4100036621094,380.4100036621094,660000
2023-07-17,379.07000732421875,385.3500061035156,378.3999938964844,383.69000244140625,383.69000244140625,809400
2023-07-18,384.3800048828125,385.57000732421875,379.2300109863281,385.4200134277344,385.4200134277344,935200
2023-07-19,385.0,394.5400085449219,384.8699951171875,390.510009765625,390.510009765625,1478200
2023-07-20,386.5799865722656,390.8299865722656,381.42999267578125,381.8599853515625,381.8599853515625,1341500
2023-07-21,384.6199951171875,388.3800048828125,381.0,382.9599914550781,382.9599914550781,2641800
2023-07-24,382.42999267578125,384.3500061035156,376.80999755859375,380.3900146484375,380.3900146484375,1211900
2023-07-25,380.0,383.1099853515625,378.7300109863281,382.1199951171875,382.1199951171875,725600
2023-07-26,380.92999267578125,381.5400085449219,375.79998779296875,378.9800109863281,378.9800109863281,782400
2023-07-27,381.4200134277344,382.8800048828125,368.760009765625,370.75,370.75,1261800
2023-07-28,375.8699951171875,378.6400146484375,374.5299987792969,377.9599914550781,377.9599914550781,1041400
2023-07-31,377.9599914550781,382.07000732421875,377.3900146484375,378.5299987792969,378.5299987792969,867200
2023-08-01,376.989990234375,382.30999755859375,376.0,381.2099914550781,381.2099914550781,1096100
2023-08-02,377.4599914550781,378.5799865722656,375.0,376.6499938964844,376.6499938964844,916200
2023-08-03,375.760009765625,385.45001220703125,375.0,384.0,384.0,1055500
2023-08-04,385.4100036621094,386.4700012207031,377.42999267578125,378.20001220703125,378.20001220703125,907700
2023-08-07,380.95001220703125,383.0899963378906,377.19000244140625,382.5,382.5,761500
2023-08-08,378.6400146484375,381.1099853515625,373.7099914550781,380.70001220703125,380.70001220703125,860600
2023-08-09,382.0,386.0,376.6300048828125,382.3299865722656,382.3299865722656,748100
2023-08-10,385.8800048828125,394.6400146484375,383.3699951171875,384.54998779296875,384.54998779296875,937600
2023-08-11,382.9800109863281,383.6000061035156,377.739990234375,381.1300048828125,381.1300048828125,650100
2023-08-14,380.0,387.42999267578125,379.5299987792969,385.0199890136719,385.0199890136719,861300
2023-08-15,383.0,385.45001220703125,378.010009765625,383.17999267578125,383.17999267578125,941700
2023-08-16,384.7799987792969,389.7799987792969,381.0799865722656,381.1600036621094,381.1600036621094,743500
2023-08-17,383.8500061035156,384.0199890136719,376.0400085449219,376.29998779296875,376.29998779296875,831400
2023-08-18,372.5899963378906,382.6499938964844,371.45001220703125,381.2900085449219,381.2900085449219,945500
2023-08-21,382.95001220703125,385.739990234375,381.3399963378906,384.8999938964844,384.8999938964844,1009200
2023-08-22,380.6000061035156,381.5299987792969,373.5400085449219,379.4200134277344,379.4200134277344,1122900
2023-08-23,374.9599914550781,379.3299865722656,368.8299865722656,377.7099914550781,377.7099914550781,1411400
2023-08-24,379.4100036621094,379.4100036621094,359.80999755859375,360.2200012207031,360.2200012207031,2347100
2023-08-25,362.05999755859375,367.3900146484375,360.4200134277344,365.5899963378906,365.5899963378906,1138400
2023-08-28,367.0899963378906,367.989990234375,362.9700012207031,365.8399963378906,365.8399963378906,1191300
2023-08-29,365.010009765625,375.8699951171875,363.3500061035156,374.7300109863281,374.7300109863281,1260300
2023-08-30,378.8699951171875,379.0,373.5,376.7300109863281,376.7300109863281,1175800
2023-08-31,379.2699890136719,382.8900146484375,378.5,381.260009765625,381.260009765625,3328500
2023-09-01,393.0,406.75,385.1099853515625,404.19000244140625,404.19000244140625,5170400
2023-09-05,400.0,406.94000244140625,397.2799987792969,401.80999755859375,401.80999755859375,1855900
2023-09-06,400.7099914550781,404.4700012207031,396.7699890136719,399.0,399.0,990000
2023-09-07,397.5199890136719,400.8399963378906,396.010009765625,398.989990234375,398.989990234375,830300
2023-09-08,401.04998779296875,401.3800048828125,395.510009765625,396.3599853515625,396.3599853515625,665600
2023-09-11,396.3599853515625,399.30999755859375,392.7699890136719,397.44000244140625,397.44000244140625,764200
2023-09-12,396.2699890136719,400.42999267578125,387.17999267578125,388.1199951171875,388.1199951171875,1102000
2023-09-13,386.6700134277344,392.9800109863281,385.55999755859375,388.9700012207031,388.9700012207031,898600
2023-09-14,394.17999267578125,394.17999267578125,384.30999755859375,388.739990234375,388.739990234375,914200
2023-09-15,388.8999938964844,390.0,383.6700134277344,389.92999267578125,389.92999267578125,1411000
2023-09-18,391.70001220703125,391.989990234375,381.67999267578125,382.80999755859375,382.80999755859375,1178000
2023-09-19,382.6499938964844,386.44000244140625,379.4200134277344,384.45001220703125,384.45001220703125,740800
2023-09-20,389.1499938964844,397.989990234375,387.8800048828125,391.8800048828125,391.8800048828125,1487700
2023-09-21,387.44000244140625,390.4800109863281,383.75,383.8999938964844,383.8999938964844,1543700
2023-09-22,387.5,391.7099914550781,386.3800048828125,388.04998779296875,388.04998779296875,1102600
2023-09-25,386.0199890136719,387.5,378.1099853515625,384.3299865722656,384.3299865722656,1576700
2023-09-26,380.6300048828125,384.7200012207031,378.2900085449219,380.6600036621094,380.6600036621094,1521100
2023-09-27,382.2099914550781,384.2900085449219,377.0400085449219,379.1400146484375,379.1400146484375,700400
2023-09-28,381.54998779296875,382.1499938964844,375.6199951171875,379.0,379.0,1146500
2023-09-29,387.3500061035156,389.9599914550781,382.20001220703125,385.6099853515625,385.6099853515625,1509100
2023-10-02,384.6000061035156,388.8699951171875,380.8800048828125,382.8599853515625,382.8599853515625,1197500
2023-10-03,378.8399963378906,381.5299987792969,365.17999267578125,368.3399963378906,368.3399963378906,1652700
2023-10-04,367.760009765625,372.0,366.989990234375,370.1000061035156,370.1000061035156,976300
2023-10-05,367.5,367.5,360.20001220703125,360.3599853515625,360.3599853515625,1625400
2023-10-06,360.0,368.7799987792969,354.6600036621094,367.2200012207031,367.2200012207031,1677900
2023-10-09,366.8999938964844,372.8699951171875,363.57000732421875,372.6400146484375,372.6400146484375,1079100
2023-10-10,372.6400146484375,378.8399963378906,371.44000244140625,373.0299987792969,373.0299987792969,1178500
2023-10-11,374.0,375.9599914550781,368.239990234375,373.3599853515625,373.3599853515625,1046300
2023-10-12,374.8999938964844,374.8999938964844,366.989990234375,373.94000244140625,373.94000244140625,1250900
2023-10-13,375.0,384.6000061035156,374.3999938964844,377.69000244140625,377.69000244140625,1941700
2023-10-16,402.239990234375,419.010009765625,401.8399963378906,416.6400146484375,416.6400146484375,11454200
2023-10-17,415.0,419.8599853515625,412.19000244140625,412.94000244140625,412.94000244140625,28064700
2023-10-18,412.0199890136719,417.20001220703125,404.7699890136719,405.6099853515625,405.6099853515625,3750100
2023-10-19,407.010009765625,408.2099914550781,394.5799865722656,396.19000244140625,396.19000244140625,2628200
2023-10-20,397.42999267578125,398.1300048828125,389.0,395.82000732421875,395.82000732421875,1937000
2023-10-23,394.9200134277344,406.80999755859375,392.0799865722656,402.4599914550781,402.4599914550781,1827700
2023-10-24,405.6099853515625,405.6099853515625,398.3399963378906,403.3699951171875,403.3699951171875,1575800
2023-10-25,401.0,403.82000732421875,396.1199951171875,396.70001220703125,396.70001220703125,1309700
2023-10-26,393.17999267578125,394.0400085449219,386.0,388.6199951171875,388.6199951171875,1837200
2023-10-27,390.0,392.2099914550781,384.3699951171875,386.82000732421875,386.82000732421875,1448600
2023-10-30,388.44000244140625,393.2699890136719,387.75,391.75,391.75,1005200
2023-10-31,391.75,395.70001220703125,389.010009765625,393.4800109863281,393.4800109863281,1084300
2023-11-01,393.30999755859375,395.80999755859375,385.260009765625,395.2900085449219,395.2900085449219,1312600
2023-11-02,398.9100036621094,404.8699951171875,398.70001220703125,403.5,403.5,1390000
2023-11-03,408.7799987792969,412.0299987792969,406.2699890136719,407.92999267578125,407.92999267578125,1231000
2023-11-06,411.5,412.2699890136719,404.510009765625,407.95001220703125,407.95001220703125,826900
2023-11-07,409.8999938964844,414.4800109863281,406.0,413.69000244140625,413.69000244140625,1175700
2023-11-08,415.0,415.1499938964844,409.32000732421875,409.6400146484375,409.6400146484375,714500
2023-11-09,410.75,410.75,404.69000244140625,406.5799865722656,406.5799865722656,922600
2023-11-10,407.510009765625,413.8999938964844,404.8900146484375,413.6700134277344,413.6700134277344,1038900
2023-11-13,410.4800109863281,418.6099853515625,409.79998779296875,416.9800109863281,416.9800109863281,1277100
2023-11-14,422.6600036621094,431.1000061035156,421.69000244140625,430.3299865722656,430.3299865722656,1566300
2023-11-15,433.0899963378906,437.05999755859375,431.45001220703125,432.19000244140625,432.19000244140625,1257500
2023-11-16,430.6700134277344,431.5,416.54998779296875,420.2799987792969,420.2799987792969,1706800
2023-11-17,425.2200012207031,425.6700134277344,421.0400085449219,422.44000244140625,422.44000244140625,1219800
2023-11-20,423.8900146484375,429.5899963378906,422.7799987792969,428.5799865722656,428.5799865722656,866000
2023-11-21,426.6499938964844,431.9200134277344,425.75,430.3699951171875,430.3699951171875,867400
2023-11-22,430.82000732421875,435.07000732421875,428.19000244140625,428.6300048828125,428.6300048828125,800600
2023-11-24,428.29998779296875,432.2699890136719,426.3500061035156,431.760009765625,431.760009765625,401700
2023-11-27,430.04998779296875,437.80999755859375,430.04998779296875,435.6700134277344,435.6700134277344,1074800
2023-11-28,435.57000732421875,436.6600036621094,427.0899963378906,427.7300109863281,427.7300109863281,1353900
2023-11-29,429.20001220703125,439.760009765625,428.6000061035156,438.3500061035156,438.3500061035156,1658800
2023-11-30,439.7699890136719,448.7300109863281,438.6000061035156,446.79998779296875,446.79998779296875,2372000
2023-12-01,447.6000061035156,467.6300048828125,447.6000061035156,466.6099853515625,466.6099853515625,2454900
2023-12-04,459.20001220703125,463.3699951171875,452.2300109863281,460.760009765625,460.760009765625,2637100
2023-12-05,454.760009765625,462.2699890136719,452.5299987792969,456.92999267578125,456.92999267578125,1793500
2023-12-06,459.2799987792969,464.05999755859375,458.2699890136719,460.6700134277344,460.6700134277344,1387200
2023-12-07,460.6700134277344,466.6300048828125,460.6000061035156,464.6700134277344,464.6700134277344,3243500
2023-12-08,455.8800048828125,493.79998779296875,448.80999755859375,489.6400146484375,489.6400146484375,7136900
2023-12-11,493.95001220703125,507.44000244140625,490.0,502.739990234375,502.739990234375,2799000
2023-12-12,503.0,504.3999938964844,495.67999267578125,503.6499938964844,503.6499938964844,1717100
2023-12-13,502.8299865722656,508.42999267578125,494.0899963378906,504.5,504.5,1698900
2023-12-14,505.05999755859375,505.6300048828125,487.19000244140625,489.29998779296875,489.29998779296875,2649600
2023-12-15,486.4599914550781,492.19000244140625,483.80999755859375,491.4599914550781,491.4599914550781,2676900
2023-12-18,490.010009765625,501.7200012207031,488.4200134277344,501.6300048828125,501.6300048828125,1230600
2023-12-19,503.5799865722656,509.3299865722656,502.8299865722656,506.8599853515625,506.8599853515625,1174800
2023-12-20,504.510009765625,511.6000061035156,503.95001220703125,505.1499938964844,505.1499938964844,1063000
2023-12-21,507.8599853515625,511.2699890136719,505.510009765625,511.0299987792969,511.0299987792969,896600
2023-12-22,502.6000061035156,510.4800109863281,502.2200012207031,510.0,510.0,1178300
2023-12-26,513.239990234375,513.5,505.5199890136719,506.32000732421875,506.32000732421875,887300
2023-12-27,506.0,509.8800048828125,505.5299987792969,508.80999755859375,508.80999755859375,816400
2023-12-28,510.4599914550781,512.47998046875,508.2699890136719,509.2200012207031,509.2200012207031,688700
2023-12-29,509.8699951171875,516.3900146484375,508.4599914550781,511.2900085449219,511.2900085449219,917600
2024-01-02,508.57000732421875,508.9200134277344,502.1499938964844,505.3800048828125,505.3800048828125,1187800
2024-01-03,501.8900146484375,503.95001220703125,496.69000244140625,498.0199890136719,498.0199890136719,1029200
2024-01-04,496.8999938964844,502.0,495.010009765625,496.0,496.0,1174400
2024-01-05,495.9200134277344,499.2099914550781,490.69000244140625,491.1000061035156,491.1000061035156,1121500
2024-01-08,488.4700012207031,493.489990234375,478.1300048828125,491.4800109863281,491.4800109863281,1827300
2024-01-09,488.92999267578125,489.92999267578125,483.0899963378906,485.7099914550781,485.7099914550781,1242700
2024-01-10,488.0,488.510009765625,482.5899963378906,484.1000061035156,484.1000061035156,1276000
2024-01-11,483.3900146484375,486.2099914550781,478.1600036621094,485.4800109863281,485.4800109863281,823500
2024-01-12,488.0799865722656,490.8399963378906,479.0899963378906,479.94000244140625,479.94000244140625,1050100
2024-01-16,478.04998779296875,478.04998779296875,467.5799865722656,470.7300109863281,470.7300109863281,1370200
2024-01-17,469.17999267578125,469.5799865722656,462.8399963378906,468.3999938964844,468.3999938964844,1347000
2024-01-18,472.19000244140625,478.4599914550781,468.8399963378906,477.45001220703125,477.45001220703125,1482300
2024-01-19,477.760009765625,484.75,475.04998779296875,484.0199890136719,484.0199890136719,1254800
2024-01-22,483.0,483.29998779296875,477.6199951171875,481.8900146484375,481.8900146484375,909500
2024-01-23,480.2200012207031,481.8900146484375,474.5,477.0,477.0,1038400
2024-01-24,477.0,480.9599914550781,472.6700134277344,474.8399963378906,474.8399963378906,1399400
2024-01-25,475.2200012207031,476.94000244140625,468.1600036621094,474.29998779296875,474.29998779296875,964300
2024-01-26,475.0,484.30999755859375,470.6499938964844,478.0299987792969,478.0299987792969,1128700
2024-01-29,478.0299987792969,482.44000244140625,475.739990234375,481.989990234375,481.989990234375,1072400
2024-01-30,481.989990234375,491.29998779296875,479.760009765625,481.3999938964844,481.3999938964844,1295100
2024-01-31,472.0199890136719,473.1000061035156,451.3500061035156,453.82000732421875,453.82000732421875,2879200
2024-02-01,454.8999938964844,463.0299987792969,454.0199890136719,461.94000244140625,461.94000244140625,1526200
2024-02-02,458.5,464.6199951171875,454.6199951171875,462.3999938964844,462.3999938964844,1144200
2024-02-05,458.4100036621094,459.04998779296875,450.54998779296875,456.7300109863281,456.7300109863281,1166100
2024-02-06,457.30999755859375,459.6600036621094,450.05999755859375,456.5400085449219,456.5400085449219,1531000
2024-02-07,459.0400085449219,463.25,456.20001220703125,457.75,457.75,1013300
2024-02-08,463.2699890136719,476.6199951171875,460.9800109863281,472.9800109863281,472.9800109863281,1510300
2024-02-09,466.6099853515625,471.260009765625,458.7799987792969,470.239990234375,470.239990234375,1350000
2024-02-12,473.2799987792969,478.0,465.1199951171875,466.0799865722656,466.0799865722656,1174700
2024-02-13,457.55999755859375,461.95001220703125,454.0,456.2300109863281,456.2300109863281,1264100
2024-02-14,460.44000244140625,461.989990234375,456.70001220703125,460.7099914550781,460.7099914550781,697200
2024-02-15,461.32000732421875,463.239990234375,454.5,458.9800109863281,458.9800109863281,915500
2024-02-16,457.1199951171875,457.3900146484375,445.5299987792969,449.6000061035156,449.6000061035156,1340700
2024-02-20,445.7699890136719,449.6000061035156,441.010009765625,444.6000061035156,444.6000061035156,1185300
2024-02-21,447.2799987792969,448.4100036621094,440.260009765625,443.4599914550781,443.4599914550781,808300
2024-02-22,448.1000061035156,457.3599853515625,447.3500061035156,455.260009765625,455.260009765625,1105000
2024-02-23,458.5,462.82000732421875,454.2200012207031,457.8900146484375,457.8900146484375,862300
2024-02-26,461.05999755859375,472.9599914550781,459.260009765625,468.25,468.25,1447000
2024-02-27,471.0899963378906,471.5,463.95001220703125,467.8399963378906,467.8399963378906,919500
2024-02-28,466.5,474.1700134277344,463.3399963378906,464.1400146484375,464.1400146484375,913800
2024-02-29,466.0299987792969,469.8999938964844,461.1000061035156,467.0899963378906,467.0899963378906,1431900
2024-03-01,461.44000244140625,464.57000732421875,457.6300048828125,458.5,458.5,1294600
2024-03-04,458.6300048828125,459.0299987792969,449.7699890136719,450.7900085449219,450.7900085449219,1254200
2024-03-05,448.80999755859375,448.80999755859375,443.6099853515625,446.05999755859375,446.05999755859375,975500
2024-03-06,451.989990234375,452.6600036621094,443.5199890136719,448.5400085449219,448.5400085449219,941300
2024-03-07,449.0299987792969,461.0,449.0299987792969,457.2799987792969,457.2799987792969,1078300
2024-03-08,461.2699890136719,465.4200134277344,457.2900085449219,460.3900146484375,460.3900146484375,754700
2024-03-11,461.5299987792969,461.5299987792969,453.6700134277344,457.760009765625,457.760009765625,729700
2024-03-12,459.4800109863281,467.8599853515625,458.55999755859375,465.2799987792969,465.2799987792969,841200
2024-03-13,467.92999267578125,471.7200012207031,465.3699951171875,465.54998779296875,465.54998779296875,799700
2024-03-14,472.05999755859375,472.05999755859375,462.75,470.010009765625,470.010009765625,1316800
2024-03-15,467.1199951171875,470.6700134277344,463.1600036621094,464.94000244140625,464.94000244140625,1678100
2024-03-18,465.9200134277344,469.69000244140625,459.4800109863281,459.57000732421875,459.57000732421875,1261300
2024-03-19,457.69000244140625,467.8599853515625,454.2300109863281,467.2699890136719,467.2699890136719,1428900
2024-03-20,467.3399963378906,469.7900085449219,461.9200134277344,469.04998779296875,469.04998779296875,1627800
2024-03-21,472.0,480.94000244140625,469.0,478.8399963378906,478.8399963378906,4022000
2024-03-22,416.25,418.70001220703125,387.1099853515625,403.19000244140625,403.19000244140625,19659900
2024-03-25,405.0899963378906,405.0899963378906,387.04998779296875,388.8999938964844,388.8999938964844,5122900
2024-03-26,393.5899963378906,395.2699890136719,385.8800048828125,386.1400146484375,386.1400146484375,2881700
2024-03-27,387.0799865722656,394.4599914550781,386.4700012207031,389.4599914550781,389.4599914550781,2340500
2024-03-28,390.5,394.32000732421875,390.07000732421875,390.6499938964844,390.6499938964844,1699100
2024-04-01,393.54998779296875,394.0,384.0199890136719,385.20001220703125,385.20001220703125,1827500
2024-04-02,380.0,381.6400146484375,376.1400146484375,378.05999755859375,378.05999755859375,2137700
2024-04-03,378.67999267578125,379.8999938964844,373.80999755859375,374.010009765625,374.010009765625,1550800
2024-04-04,373.0,373.3399963378906,356.75,357.55999755859375,357.55999755859375,4717600
2024-04-05,357.8999938964844,360.82000732421875,355.2300109863281,356.8699951171875,356.8699951171875,1808200
2024-04-08,358.6099853515625,361.7200012207031,355.8699951171875,360.4599914550781,360.4599914550781,1684500
2024-04-09,360.1000061035156,360.989990234375,355.4100036621094,358.79998779296875,358.79998779296875,1965600
2024-04-10,352.79998779296875,355.17999267578125,349.5299987792969,350.25,350.25,1962800
2024-04-11,350.5899963378906,352.04998779296875,347.510009765625,349.9200134277344,349.9200134277344,1948300
2024-04-12,345.4700012207031,346.8999938964844,336.0400085449219,336.1300048828125,336.1300048828125,2661700
2024-04-15,340.989990234375,343.82000732421875,334.5299987792969,334.760009765625,334.760009765625,2326900
2024-04-16,334.0299987792969,341.1099853515625,330.6099853515625,338.9800109863281,338.9800109863281,2147100
2024-04-17,342.0,346.45001220703125,341.239990234375,344.8599853515625,344.8599853515625,2147800
2024-04-18,346.5,352.1000061035156,344.30999755859375,347.510009765625,347.510009765625,2180200
2024-04-19,346.9599914550781,353.1000061035156,346.3900146484375,352.4700012207031,352.4700012207031,2464600
2024-04-22,354.67999267578125,364.6300048828125,354.67999267578125,361.7900085449219,361.7900085449219,2537800
2024-04-23,362.1700134277344,366.19000244140625,359.3299865722656,364.67999267578125,364.67999267578125,1589900
2024-04-24,368.3599853515625,368.3599853515625,361.2200012207031,364.5899963378906,364.5899963378906,1260300
2024-04-25,363.19000244140625,364.0,356.6700134277344,360.0,360.0,1538400
2024-04-26,359.42999267578125,367.5899963378906,359.3900146484375,364.70001220703125,364.70001220703125,1234500
2024-04-29,357.8900146484375,366.9800109863281,357.0199890136719,363.9599914550781,363.9599914550781,1361200
2024-04-30,362.5899963378906,362.5899963378906,358.6199951171875,360.6000061035156,360.6000061035156,1592700
2024-05-01,358.04998779296875,360.45001220703125,351.6700134277344,354.3999938964844,354.3999938964844,1336000
2024-05-02,356.3399963378906,357.2900085449219,348.510009765625,350.79998779296875,350.79998779296875,1818600
2024-05-03,355.20001220703125,357.04998779296875,351.7699890136719,355.1499938964844,355.1499938964844,1257700
2024-05-06,357.0,357.8999938964844,349.1700134277344,350.239990234375,350.239990234375,1324100
2024-05-07,350.9800109863281,354.1600036621094,348.79998779296875,349.8500061035156,349.8500061035156,1207800
2024-05-08,347.2099914550781,349.0199890136719,345.07000732421875,345.6099853515625,345.6099853515625,1366400
2024-05-09,346.9700012207031,355.20001220703125,346.1099853515625,352.95001220703125,352.95001220703125,1774800
2024-05-10,352.8999938964844,353.3800048828125,347.3900146484375,352.9599914550781,352.9599914550781,1390800
2024-05-13,354.3699951171875,355.44000244140625,347.0,347.1600036621094,347.1600036621094,1482300
2024-05-14,349.0400085449219,353.3900146484375,349.0400085449219,352.3500061035156,352.3500061035156,1228000
2024-05-15,354.5,354.5299987792969,346.239990234375,346.8500061035156,346.8500061035156,1527700
2024-05-16,347.67999267578125,347.67999267578125,337.5400085449219,338.2799987792969,338.2799987792969,3261400
2024-05-17,338.75,338.75,334.0199890136719,334.95001220703125,334.95001220703125,2588600
2024-05-20,334.2099914550781,334.2099914550781,323.6600036621094,327.07000732421875,327.07000732421875,3629200
2024-05-21,327.3500061035156,328.2900085449219,322.1499938964844,322.9800109863281,322.9800109863281,2225100
2024-05-22,306.9100036621094,307.9200134277344,295.739990234375,299.6300048828125,299.6300048828125,8918100
2024-05-23,299.6499938964844,303.6600036621094,295.2799987792969,299.739990234375,299.739990234375,3824400
2024-05-24,301.5299987792969,306.9200134277344,299.739990234375,303.010009765625,303.010009765625,2282200
2024-05-28,304.0,304.4200134277344,293.0299987792969,295.25,295.25,2845600
2024-05-29,294.0,301.45001220703125,293.3599853515625,298.5400085449219,298.5400085449219,2604500
2024-05-30,299.8399963378906,307.3800048828125,299.0,302.8999938964844,302.8999938964844,2639400
2024-05-31,307.9100036621094,313.3299865722656,306.70001220703125,311.989990234375,311.989990234375,4260700
2024-06-03,311.260009765625,314.1300048828125,305.7900085449219,306.6199951171875,306.6199951171875,2098500
2024-06-04,303.8999938964844,309.2799987792969,301.3399963378906,306.7799987792969,306.7799987792969,2151200
2024-06-05,308.760009765625,308.760009765625,301.04998779296875,308.2699890136719,308.2699890136719,6609400
2024-06-06,337.010009765625,337.760009765625,314.6499938964844,323.0299987792969,323.0299987792969,12294700
2024-06-07,321.19000244140625,329.7300109863281,316.260009765625,317.8599853515625,317.8599853515625,4031400
2024-06-10,314.6600036621094,322.0299987792969,314.010009765625,318.260009765625,318.260009765625,2133400
2024-06-11,315.3900146484375,319.70001220703125,314.7699890136719,318.0400085449219,318.0400085449219,1760700
2024-06-12,321.8900146484375,321.95001220703125,307.8800048828125,309.80999755859375,309.80999755859375,2681100
2024-06-13,306.8800048828125,309.1400146484375,303.8699951171875,307.489990234375,307.489990234375,2078400
2024-06-14,305.1199951171875,308.0,303.1600036621094,306.010009765625,306.010009765625,1472700
2024-06-17,304.2799987792969,313.2200012207031,303.75,312.9100036621094,312.9100036621094,1948900
2024-06-18,312.1199951171875,315.5,311.5199890136719,313.2300109863281,313.2300109863281,1836800
2024-06-20,314.3800048828125,314.6600036621094,310.2200012207031,310.7699890136719,310.7699890136719,1626100
2024-06-21,311.2699890136719,313.45001220703125,309.1000061035156,311.82000732421875,311.82000732421875,3246900
2024-06-24,312.2900085449219,316.5299987792969,311.739990234375,312.2799987792969,312.2799987792969,2155600
2024-06-25,312.3399963378906,317.2099914550781,307.69000244140625,309.07000732421875,309.07000732421875,1989000
2024-06-26,308.7799987792969,309.8800048828125,304.3699951171875,304.80999755859375,304.80999755859375,1265500
2024-06-27,304.1600036621094,308.44000244140625,303.19000244140625,308.29998779296875,308.29998779296875,1410300
2024-06-28,302.0,303.25,296.2099914550781,298.70001220703125,298.70001220703125,3496800
2024-07-01,300.7300109863281,302.5799865722656,295.489990234375,302.3599853515625,302.3599853515625,1526500
2024-07-02,300.45001220703125,304.3900146484375,299.67999267578125,301.6700134277344,301.6700134277344,1434800
2024-07-03,301.6700134277344,302.5899963378906,299.0199890136719,300.32000732421875,300.32000732421875,952000
2024-07-05,303.1400146484375,303.1400146484375,296.79998779296875,298.1400146484375,298.1400146484375,1255000
2024-07-08,300.4200134277344,301.9100036621094,293.510009765625,294.0299987792969,294.0299987792969,1705300
2024-07-09,293.70001220703125,293.70001220703125,288.1099853515625,289.8699951171875,289.8699951171875,2012800
2024-07-10,288.7900085449219,290.2099914550781,283.489990234375,288.0799865722656,288.0799865722656,2192400
2024-07-11,289.3999938964844,295.5,288.3900146484375,289.20001220703125,289.20001220703125,1799900
2024-07-12,292.80999755859375,296.3800048828125,287.7799987792969,291.05999755859375,291.05999755859375,1797700
2024-07-15,289.5,290.0,282.5799865722656,283.7200012207031,283.7200012207031,2195100
2024-07-16,284.6600036621094,291.8699951171875,282.0400085449219,291.760009765625,291.760009765625,1879100
2024-07-17,289.9599914550781,293.94000244140625,288.510009765625,292.67999267578125,292.67999267578125,1576400
2024-07-18,293.69000244140625,295.3500061035156,284.69000244140625,285.1300048828125,285.1300048828125,1885700
2024-07-19,286.94000244140625,287.0,279.1600036621094,280.239990234375,280.239990234375,1623700
2024-07-22,281.79998779296875,286.42999267578125,280.8500061035156,285.0,285.0,1457600
2024-07-23,285.20001220703125,287.25,281.20001220703125,281.3699951171875,281.3699951171875,1494100
2024-07-24,280.57000732421875,281.0,268.7799987792969,272.05999755859375,272.05999755859375,2647100
2024-07-25,260.9800109863281,262.0,245.58999633789062,247.32000732421875,247.32000732421875,9370500
2024-07-26,250.0,257.260009765625,246.99000549316406,253.5,253.5,4121400
2024-07-29,256.3900146484375,260.4599914550781,251.9499969482422,259.0299987792969,259.0299987792969,2308500
2024-07-30,258.29998779296875,259.3900146484375,253.6999969482422,256.0,256.0,1563900
2024-07-31,256.0,262.5,256.0,258.6600036621094,258.6600036621094,2048800
2024-08-01,258.6700134277344,260.1199951171875,246.1199951171875,249.0500030517578,249.0500030517578,2119400
2024-08-02,240.0,243.25,234.69000244140625,236.0,236.0,3097900
2024-08-05,228.0800018310547,236.35000610351562,226.00999450683594,233.39999389648438,233.39999389648438,2857400
2024-08-06,235.0,240.36000061035156,234.0,236.89999389648438,236.89999389648438,1848400
2024-08-07,239.9600067138672,244.64999389648438,232.9600067138672,233.44000244140625,233.44000244140625,1545100
2024-08-08,238.13999938964844,243.14999389648438,235.92999267578125,241.75,241.75,1762400
2024-08-09,240.75,240.8699951171875,237.27999877929688,238.72000122070312,238.72000122070312,1289800
2024-08-12,239.92999267578125,240.82000732421875,236.5500030517578,239.6999969482422,239.6999969482422,1412000
2024-08-13,241.33999633789062,245.72999572753906,238.91000366210938,241.9499969482422,241.9499969482422,1860900
2024-08-14,243.0,244.5,240.36000061035156,240.49000549316406,240.49000549316406,1157700
2024-08-15,250.82000732421875,258.3399963378906,250.1300048828125,256.54998779296875,256.54998779296875,3213500
2024-08-16,258.20001220703125,259.8999938964844,254.00999450683594,258.1000061035156,258.1000061035156,2090200
2024-08-19,259.6000061035156,263.0,258.4200134277344,259.1199951171875,259.1199951171875,2061000
2024-08-20,259.0,261.32000732421875,257.30999755859375,260.6000061035156,260.6000061035156,1411000
2024-08-21,265.8800048828125,270.54998779296875,263.5899963378906,265.6300048828125,265.6300048828125,1898100
2024-08-22,265.6400146484375,267.29998779296875,262.5,263.45001220703125,263.45001220703125,1613400
2024-08-23,265.1099853515625,268.95001220703125,264.6400146484375,268.54998779296875,268.54998779296875,1605400
2024-08-26,272.1499938964844,275.0400085449219,269.260009765625,271.6600036621094,271.6600036621094,2507200
2024-08-27,270.7900085449219,272.3299865722656,268.25,271.17999267578125,271.17999267578125,1955900
2024-08-28,266.67999267578125,267.8299865722656,255.2899932861328,258.8299865722656,258.8299865722656,2882000
2024-08-29,261.8599853515625,263.3500061035156,258.2799987792969,259.010009765625,259.010009765625,4753200
2024-08-30,269.05999755859375,270.0,249.10000610351562,259.4700012207031,259.4700012207031,7373300
2024-09-03,258.260009765625,261.7699890136719,251.75,258.0799865722656,258.0799865722656,3072000
2024-09-04,254.24000549316406,257.489990234375,251.75999450683594,255.50999450683594,255.50999450683594,2415300
2024-09-05,255.83999633789062,257.7699890136719,252.5,253.6999969482422,253.6999969482422,1939000
2024-09-06,262.1300048828125,265.8999938964844,250.64999389648438,253.83999633789062,253.83999633789062,2589500
2024-09-09,253.88999938964844,258.17999267578125,247.10000610351562,248.58999633789062,248.58999633789062,2031700
2024-09-10,249.0,249.3800048828125,244.8800048828125,247.17999267578125,247.17999267578125,1440500
2024-09-11,248.0500030517578,255.69000244140625,243.3699951171875,255.1999969482422,255.1999969482422,1863000
2024-09-12,254.02000427246094,260.3900146484375,253.97000122070312,260.1400146484375,260.1400146484375,1819900
2024-09-13,261.010009765625,268.7799987792969,260.9100036621094,266.760009765625,266.760009765625,1783200
2024-09-16,266.989990234375,267.45001220703125,260.260009765625,265.29998779296875,265.29998779296875,1368900
2024-09-17,266.8999938964844,270.44000244140625,264.6400146484375,268.4100036621094,268.4100036621094,1553900
2024-09-18,269.5799865722656,274.6400146484375,266.54998779296875,270.20001220703125,270.20001220703125,2109400
2024-09-19,275.9800109863281,281.17999267578125,269.44000244140625,270.760009765625,270.760009765625,2463600
2024-09-20,270.75,270.760009765625,261.04998779296875,262.6099853515625,262.6099853515625,2866900
2024-09-23,263.0,264.1099853515625,259.5299987792969,259.79998779296875,259.79998779296875,1717000
2024-09-24,266.69000244140625,271.760009765625,262.7799987792969,263.54998779296875,263.54998779296875,2224000
2024-09-25,263.0,264.0299987792969,257.6099853515625,259.739990234375,259.739990234375,1741400
2024-09-26,269.0,270.7300109863281,265.7300109863281,268.82000732421875,268.82000732421875,2187900
2024-09-27,273.2200012207031,283.6600036621094,272.010009765625,280.010009765625,280.010009765625,2936200
